line,stop_id,stop_name,borough,structure,lat,lon,mile_cum
1,101,Van Cortlandt Park-242 St,Bx,Elevated,40.889248,-73.898583,0.0
1,103,238 St,Bx,Elevated,40.884667,-73.90087,0.338
1,104,231 St,Bx,Elevated,40.878856,-73.904834,0.79
1,106,Marble Hill-225 St,M,Elevated,40.874561,-73.909831,1.185
1,107,215 St,M,Elevated,40.869444,-73.915279,1.639
1,108,207 St,M,Elevated,40.864621,-73.918822,2.02
1,109,Dyckman St,M,Elevated,40.860531,-73.925536,2.471
1,110,191 St,M,Subway,40.855225,-73.929412,2.89
1,111,181 St,M,Subway,40.849505,-73.933596,3.341
1,112,168 St-Washington Hts,M,Subway,40.840556,-73.940133,4.048
1,113,157 St,M,Subway,40.834041,-73.94489,4.562
1,114,145 St,M,Subway,40.826551,-73.95036,5.153
1,115,137 St-City College,M,Subway,40.822008,-73.953676,5.512
1,116,125 St,M,Elevated,40.815581,-73.958372,6.019
1,117,116 St-Columbia University,M,Subway,40.807722,-73.96411,6.64
1,118,Cathedral Pkwy (110 St),M,Subway,40.803967,-73.966847,6.936
1,119,103 St,M,Subway,40.799446,-73.968379,7.259
1,120,96 St,M,Subway,40.793919,-73.972323,7.693
1,121,86 St,M,Subway,40.788644,-73.976218,8.11
1,122,79 St,M,Subway,40.783934,-73.979917,8.489
1,123,72 St,M,Subway,40.778453,-73.98197,8.882
1,124,66 St-Lincoln Center,M,Subway,40.77344,-73.982209,9.229
1,125,59 St-Columbus Circle,M,Subway,40.768247,-73.981929,9.588
1,126,50 St,M,Subway,40.761728,-73.983849,10.05
1,127,Times Sq-42 St,M,Subway,40.75529,-73.987495,10.534
1,128,34 St-Penn Station,M,Subway,40.750373,-73.991057,10.921
1,129,28 St,M,Subway,40.747215,-73.993365,11.171
1,130,23 St,M,Subway,40.744081,-73.995657,11.418
1,131,18 St,M,Subway,40.74104,-73.997871,11.658
1,132,14 St,M,Subway,40.737826,-74.000201,11.911
1,133,Christopher St-Stonewall,M,Subway,40.733422,-74.002906,12.247
1,134,Houston St,M,Subway,40.728251,-74.005367,12.627
1,135,Canal St,M,Subway,40.722854,-74.006277,13.003
1,136,Franklin St,M,Subway,40.719318,-74.006886,13.249
1,137,Chambers St,M,Subway,40.715478,-74.009266,13.542
1,138,WTC Cortlandt,M,Subway,40.711835,-74.012188,13.837
1,139,Rector St,M,Subway,40.707513,-74.013783,14.147
1,142,South Ferry,M,Subway,40.702068,-74.013664,14.523
2,120,96 St,M,Subway,40.793919,-73.972323,0.0
2,123,72 St,M,Subway,40.778453,-73.98197,1.182
2,127,Times Sq-42 St,M,Subway,40.75529,-73.987495,2.808
2,128,34 St-Penn Station,M,Subway,40.750373,-73.991057,3.196
2,132,14 St,M,Subway,40.737826,-74.000201,4.186
2,137,Chambers St,M,Subway,40.715478,-74.009266,5.801
2,201,Wakefield-241 St,Bx,Elevated,40.903125,-73.85062,21.194
2,204,Nereid Av,Bx,Elevated,40.898379,-73.854376,21.576
2,205,233 St,Bx,Elevated,40.893193,-73.857473,21.969
2,206,225 St,Bx,Elevated,40.888022,-73.860341,22.356
2,207,219 St,Bx,Elevated,40.883895,-73.862633,22.666
2,208,Gun Hill Rd,Bx,Elevated,40.87785,-73.866256,23.124
2,209,Burke Av,Bx,Elevated,40.871356,-73.867164,23.575
2,210,Allerton Av,Bx,Elevated,40.865462,-73.867352,23.983
2,211,Pelham Pkwy,Bx,Elevated,40.857192,-73.867615,24.554
2,212,Bronx Park East,Bx,Elevated,40.848828,-73.868457,25.134
2,213,E 180 St,Bx,Elevated,40.841894,-73.873488,25.68
2,214,West Farms Sq-E Tremont Av,Bx,Elevated,40.840295,-73.880049,26.041
2,215,174 St,Bx,Elevated,40.837288,-73.887734,26.493
2,216,Freeman St,Bx,Elevated,40.829993,-73.891865,27.041
2,217,Simpson St,Bx,Elevated,40.824073,-73.893064,27.455
2,218,Intervale Av,Bx,Elevated,40.822181,-73.896736,27.687
2,219,Prospect Av,Bx,Elevated,40.819585,-73.90177,28.006
2,220,Jackson Av,Bx,Elevated,40.81649,-73.907807,28.387
2,221,3 Av-149 St,Bx,Subway,40.816109,-73.917757,28.908
2,222,149 St-Grand Concourse,Bx,Subway,40.81841,-73.926718,29.403
2,224,135 St,M,Subway,40.814229,-73.94077,30.193
2,225,125 St,M,Subway,40.807754,-73.945495,30.704
2,226,116 St,M,Subway,40.802098,-73.949625,31.15
2,227,110 St-Malcolm X Plaza,M,Subway,40.799075,-73.951822,31.389
2,228,Park Place,M,Subway,40.713051,-74.008811,38.039
2,229,Fulton St,M,Subway,40.709416,-74.006571,38.316
2,230,Wall St,M,Subway,40.706821,-74.0091,38.539
2,231,Clark St,Bk,Subway,40.697466,-73.993086,39.598
2,232,Borough Hall,Bk,Subway,40.693219,-73.989998,39.933
2,233,Hoyt St,Bk,Subway,40.690545,-73.985065,40.25
2,234,Nevins St,Bk,Subway,40.688246,-73.980492,40.538
2,235,Atlantic Av-Barclays Ctr,Bk,Subway,40.684359,-73.977666,40.845
2,236,Bergen St,Bk,Subway,40.680829,-73.975098,41.123
2,237,Grand Army Plaza,Bk,Subway,40.675235,-73.971046,41.564
2,238,Eastern Pkwy-Brooklyn Museum,Bk,Subway,40.671987,-73.964375,41.98
2,239,Franklin Av-Medgar Evers College,Bk,Subway,40.670682,-73.958131,42.319
2,241,President St-Medgar Evers College,Bk,Subway,40.667883,-73.950683,42.755
2,242,Sterling St,Bk,Subway,40.662742,-73.95085,43.11
2,243,Winthrop St,Bk,Subway,40.656652,-73.9502,43.532
2,244,Church Av,Bk,Subway,40.650843,-73.949575,43.935
2,245,Beverly Rd,Bk,Subway,40.645098,-73.948959,44.333
2,246,Newkirk Av-Little Haiti,Bk,Subway,40.639967,-73.948411,44.689
2,247,Flatbush Av-Brooklyn College,Bk,Subway,40.632836,-73.947642,45.183
3,120,96 St,M,Subway,40.793919,-73.972323,0.0
3,123,72 St,M,Subway,40.778453,-73.98197,1.182
3,127,Times Sq-42 St,M,Subway,40.75529,-73.987495,2.808
3,128,34 St-Penn Station,M,Subway,40.750373,-73.991057,3.196
3,132,14 St,M,Subway,40.737826,-74.000201,4.186
3,137,Chambers St,M,Subway,40.715478,-74.009266,5.801
3,224,135 St,M,Subway,40.814229,-73.94077,13.509
3,225,125 St,M,Subway,40.807754,-73.945495,14.02
3,226,116 St,M,Subway,40.802098,-73.949625,14.466
3,227,110 St-Malcolm X Plaza,M,Subway,40.799075,-73.951822,14.705
3,228,Park Place,M,Subway,40.713051,-74.008811,21.355
3,229,Fulton St,M,Subway,40.709416,-74.006571,21.632
3,230,Wall St,M,Subway,40.706821,-74.0091,21.855
3,231,Clark St,Bk,Subway,40.697466,-73.993086,22.914
3,232,Borough Hall,Bk,Subway,40.693219,-73.989998,23.249
3,233,Hoyt St,Bk,Subway,40.690545,-73.985065,23.567
3,234,Nevins St,Bk,Subway,40.688246,-73.980492,23.854
3,235,Atlantic Av-Barclays Ctr,Bk,Subway,40.684359,-73.977666,24.161
3,236,Bergen St,Bk,Subway,40.680829,-73.975098,24.439
3,237,Grand Army Plaza,Bk,Subway,40.675235,-73.971046,24.88
3,238,Eastern Pkwy-Brooklyn Museum,Bk,Subway,40.671987,-73.964375,25.296
3,239,Franklin Av-Medgar Evers College,Bk,Subway,40.670682,-73.958131,25.635
3,248,Nostrand Av,Bk,Subway,40.669847,-73.950466,26.041
3,249,Kingston Av,Bk,Subway,40.669399,-73.942161,26.477
3,250,Crown Hts-Utica Av,Bk,Subway,40.668897,-73.932942,26.962
3,251,Sutter Av-Rutland Rd,Bk,Elevated,40.664717,-73.92261,27.575
3,252,Saratoga Av,Bk,Elevated,40.661453,-73.916327,27.974
3,253,Rockaway Av,Bk,Elevated,40.662549,-73.908946,28.369
3,254,Junius St,Bk,Elevated,40.663515,-73.902447,28.716
3,255,Pennsylvania Av,Bk,Elevated,40.664635,-73.894895,29.119
3,256,Van Siclen Av,Bk,Elevated,40.665449,-73.889395,29.413
3,257,New Lots Av,Bk,Elevated,40.666235,-73.884079,29.696
3,301,Harlem-148 St,M,Subway,40.82388,-73.93647,40.929
3,302,145 St,M,Subway,40.820421,-73.936245,41.168
4,234,Nevins St,Bk,Subway,40.688246,-73.980492,0.0
4,235,Atlantic Av-Barclays Ctr,Bk,Subway,40.684359,-73.977666,0.307
4,239,Franklin Av-Medgar Evers College,Bk,Subway,40.670682,-73.958131,1.7
4,250,Crown Hts-Utica Av,Bk,Subway,40.668897,-73.932942,3.026
4,401,Woodlawn,Bx,Elevated,40.886037,-73.878751,18.294
4,402,Mosholu Pkwy,Bx,Elevated,40.87975,-73.884655,18.827
4,405,Bedford Park Blvd-Lehman College,Bx,Elevated,40.873412,-73.890064,19.348
4,406,Kingsbridge Rd,Bx,Elevated,40.86776,-73.897174,19.887
4,407,Fordham Rd,Bx,Elevated,40.862803,-73.901034,20.284
4,408,183 St,Bx,Elevated,40.858407,-73.903879,20.623
4,409,Burnside Av,Bx,Elevated,40.853453,-73.907684,21.019
4,410,176 St,Bx,Elevated,40.84848,-73.911794,21.424
4,411,Mt Eden Av,Bx,Elevated,40.844434,-73.914685,21.742
4,412,170 St,Bx,Elevated,40.840075,-73.917791,22.084
4,413,167 St,Bx,Elevated,40.835537,-73.9214,22.45
4,414,161 St-Yankee Stadium,Bx,Elevated,40.827994,-73.925831,23.02
4,415,149 St-Grand Concourse,Bx,Subway,40.818375,-73.927351,23.689
4,416,138 St-Grand Concourse,Bx,Subway,40.813224,-73.929849,24.068
4,418,Fulton St,M,Subway,40.710368,-74.009509,32.308
4,419,Wall St,M,Subway,40.707557,-74.011862,32.538
4,420,Bowling Green,M,Subway,40.704817,-74.014065,32.759
4,423,Borough Hall,Bk,Subway,40.692404,-73.990151,34.277
4,621,125 St,M,Subway,40.804138,-73.937594,42.473
4,626,86 St,M,Subway,40.779492,-73.955589,44.419
4,629,59 St,M,Subway,40.762526,-73.967967,45.758
4,631,Grand Central-42 St,M,Subway,40.751776,-73.976848,46.634
4,635,14 St-Union Sq,M,Subway,40.734673,-73.989951,48.001
4,640,Brooklyn Bridge-City Hall,M,Subway,40.713065,-74.004131,49.668
5,204,Nereid Av,Bx,Elevated,40.898379,-73.854376,0.0
5,205,233 St,Bx,Elevated,40.893193,-73.857473,0.393
5,206,225 St,Bx,Elevated,40.888022,-73.860341,0.781
5,207,219 St,Bx,Elevated,40.883895,-73.862633,1.09
5,208,Gun Hill Rd,Bx,Elevated,40.87785,-73.866256,1.548
5,209,Burke Av,Bx,Elevated,40.871356,-73.867164,2.0
5,210,Allerton Av,Bx,Elevated,40.865462,-73.867352,2.407
5,211,Pelham Pkwy,Bx,Elevated,40.857192,-73.867615,2.978
5,212,Bronx Park East,Bx,Elevated,40.848828,-73.868457,3.558
5,213,E 180 St,Bx,Elevated,40.841894,-73.873488,4.105
5,214,West Farms Sq-E Tremont Av,Bx,Elevated,40.840295,-73.880049,4.465
5,215,174 St,Bx,Elevated,40.837288,-73.887734,4.917
5,216,Freeman St,Bx,Elevated,40.829993,-73.891865,5.465
5,217,Simpson St,Bx,Elevated,40.824073,-73.893064,5.879
5,218,Intervale Av,Bx,Elevated,40.822181,-73.896736,6.112
5,219,Prospect Av,Bx,Elevated,40.819585,-73.90177,6.43
5,220,Jackson Av,Bx,Elevated,40.81649,-73.907807,6.811
5,221,3 Av-149 St,Bx,Subway,40.816109,-73.917757,7.332
5,222,149 St-Grand Concourse,Bx,Subway,40.81841,-73.926718,7.827
5,234,Nevins St,Bk,Subway,40.688246,-73.980492,17.251
5,235,Atlantic Av-Barclays Ctr,Bk,Subway,40.684359,-73.977666,17.557
5,239,Franklin Av-Medgar Evers College,Bk,Subway,40.670682,-73.958131,18.951
5,241,President St-Medgar Evers College,Bk,Subway,40.667883,-73.950683,19.386
5,242,Sterling St,Bk,Subway,40.662742,-73.95085,19.741
5,243,Winthrop St,Bk,Subway,40.656652,-73.9502,20.164
5,244,Church Av,Bk,Subway,40.650843,-73.949575,20.566
5,245,Beverly Rd,Bk,Subway,40.645098,-73.948959,20.965
5,246,Newkirk Av-Little Haiti,Bk,Subway,40.639967,-73.948411,21.32
5,247,Flatbush Av-Brooklyn College,Bk,Subway,40.632836,-73.947642,21.815
5,416,138 St-Grand Concourse,Bx,Subway,40.813224,-73.929849,34.313
5,418,Fulton St,M,Subway,40.710368,-74.009509,42.552
5,419,Wall St,M,Subway,40.707557,-74.011862,42.782
5,420,Bowling Green,M,Subway,40.704817,-74.014065,43.004
5,423,Borough Hall,Bk,Subway,40.692404,-73.990151,44.522
5,501,Eastchester-Dyre Av,Bx,At Grade,40.8883,-73.830834,60.417
5,502,Baychester Av,Bx,Open Cut,40.878663,-73.838591,61.197
5,503,Gun Hill Rd,Bx,Open Cut,40.869526,-73.846384,61.948
5,504,Pelham Pkwy,Bx,Open Cut,40.858985,-73.855359,62.814
5,505,Morris Park,Bx,Open Cut,40.854364,-73.860495,63.231
5,621,125 St,M,Subway,40.804138,-73.937594,68.55
5,626,86 St,M,Subway,40.779492,-73.955589,70.496
5,629,59 St,M,Subway,40.762526,-73.967967,71.835
5,631,Grand Central-42 St,M,Subway,40.751776,-73.976848,72.711
5,635,14 St-Union Sq,M,Subway,40.734673,-73.989951,74.078
5,640,Brooklyn Bridge-City Hall,M,Subway,40.713065,-74.004131,75.745
6,601,Pelham Bay Park,Bx,Elevated,40.852462,-73.828121,0.0
6,602,Buhre Av,Bx,Elevated,40.84681,-73.832569,0.454
6,603,Middletown Rd,Bx,Elevated,40.843863,-73.836322,0.737
6,604,Westchester Sq-E Tremont Av,Bx,Elevated,40.839892,-73.842952,1.179
6,606,Zerega Av,Bx,Elevated,40.836488,-73.847036,1.497
6,607,Castle Hill Av,Bx,Elevated,40.834255,-73.851222,1.765
6,608,Parkchester,Bx,Elevated,40.833226,-73.860816,2.271
6,609,St Lawrence Av,Bx,Elevated,40.831509,-73.867618,2.646
6,610,Morrison Av-Soundview,Bx,Elevated,40.829521,-73.874516,3.032
6,611,Elder Av,Bx,Elevated,40.828584,-73.879159,3.283
6,612,Whitlock Av,Bx,Elevated,40.826525,-73.886283,3.682
6,613,Hunts Point Av,Bx,Subway,40.820948,-73.890549,4.127
6,614,Longwood Av,Bx,Subway,40.816104,-73.896435,4.582
6,615,E 149 St,Bx,Subway,40.812118,-73.904098,5.068
6,616,E 143 St-St Mary's St,Bx,Subway,40.808719,-73.907657,5.368
6,617,Cypress Av,Bx,Subway,40.805368,-73.914042,5.774
6,618,Brook Av,Bx,Subway,40.807566,-73.91924,6.085
6,619,3 Av-138 St,Bx,Subway,40.810476,-73.926138,6.498
6,621,125 St,M,Subway,40.804138,-73.937594,7.24
6,622,116 St,M,Subway,40.798629,-73.941617,7.675
6,623,110 St,M,Subway,40.79502,-73.94425,7.96
6,624,103 St,M,Subway,40.7906,-73.947478,8.309
6,625,96 St,M,Subway,40.785672,-73.95107,8.698
6,626,86 St,M,Subway,40.779492,-73.955589,9.186
6,627,77 St,M,Subway,40.77362,-73.959874,9.65
6,628,68 St-Hunter College,M,Subway,40.768141,-73.96387,10.082
6,629,59 St,M,Subway,40.762526,-73.967967,10.525
6,630,51 St,M,Subway,40.757107,-73.97192,10.953
6,631,Grand Central-42 St,M,Subway,40.751776,-73.976848,11.403
6,632,33 St,M,Subway,40.746081,-73.982076,11.882
6,633,28 St,M,Subway,40.74307,-73.984264,12.12
6,634,23 St-Baruch College,M,Subway,40.739864,-73.986599,12.373
6,635,14 St-Union Sq,M,Subway,40.734673,-73.989951,12.772
6,636,Astor Pl,M,Subway,40.730054,-73.99107,13.096
6,637,Bleecker St,M,Subway,40.725915,-73.994659,13.439
6,638,Spring St,M,Subway,40.722301,-73.997141,13.72
6,639,Canal St,M,Subway,40.718803,-74.000193,14.01
6,640,Brooklyn Bridge-City Hall,M,Subway,40.713065,-74.004131,14.457
7,701,Flushing-Main St,Q,Subway,40.7596,-73.83003,0.0
7,702,Mets-Willets Point,Q,Elevated,40.754622,-73.845625,0.886
7,705,111 St,Q,Elevated,40.75173,-73.855334,1.432
7,706,103 St-Corona Plaza,Q,Elevated,40.749865,-73.8627,1.838
7,707,Junction Blvd,Q,Elevated,40.749145,-73.869527,2.199
7,708,90 St-Elmhurst Av,Q,Elevated,40.748408,-73.876613,2.573
7,709,82 St-Jackson Hts,Q,Elevated,40.747659,-73.883697,2.948
7,710,74 St-Broadway,Q,Elevated,40.746848,-73.891394,3.355
7,711,69 St,Q,Elevated,40.746325,-73.896403,3.619
7,712,61 St-Woodside,Q,Elevated,40.74563,-73.902984,3.967
7,713,52 St,Q,Elevated,40.744149,-73.912549,4.478
7,714,46 St-Bliss St,Q,Elevated,40.743132,-73.918435,4.794
7,715,40 St-Lowery St,Q,Elevated,40.743781,-73.924016,5.09
7,716,33 St-Rawson St,Q,Elevated,40.744587,-73.930997,5.459
7,718,Queensboro Plaza,Q,Elevated,40.750582,-73.940202,6.095
7,719,Court Sq,Q,Elevated,40.747023,-73.945264,6.456
7,720,Hunters Point Av,Q,Subway,40.742216,-73.948916,6.84
7,721,Vernon Blvd-Jackson Av,Q,Subway,40.742626,-73.953581,7.085
7,723,Grand Central-42 St,M,Subway,40.751431,-73.976041,8.409
7,724,5 Av,M,Subway,40.753821,-73.981963,8.76
7,725,Times Sq-42 St,M,Subway,40.755477,-73.987691,9.081
7,726,34 St-Hudson Yards,M,Subway,40.755882,-74.00191,9.826
A,A02,Inwood-207 St,M,Subway,40.868072,-73.919899,0.0
A,A03,Dyckman St,M,Subway,40.865491,-73.927271,0.424
A,A05,190 St,M,Subway,40.859022,-73.93418,0.999
A,A06,181 St,M,Subway,40.851695,-73.937969,1.543
A,A07,175 St,M,Subway,40.847391,-73.939704,1.854
A,A09,168 St,M,Subway,40.840719,-73.939561,2.315
A,A10,163 St-Amsterdam Av,M,Subway,40.836013,-73.939892,2.64
A,A11,155 St,M,Subway,40.830518,-73.941514,3.029
A,A12,145 St,M,Subway,40.824783,-73.944216,3.45
A,A14,135 St,M,Subway,40.817894,-73.947649,3.959
A,A15,125 St,M,Subway,40.811109,-73.952343,4.488
A,A16,116 St,M,Subway,40.805085,-73.954882,4.925
A,A17,Cathedral Pkwy (110 St),M,Subway,40.800603,-73.958161,5.279
A,A18,103 St,M,Subway,40.796092,-73.961454,5.635
A,A19,96 St,M,Subway,40.791642,-73.964696,5.986
A,A20,86 St,M,Subway,40.785868,-73.968916,6.442
A,A21,81 St-Museum of Natural History,M,Subway,40.781433,-73.972143,6.792
A,A22,72 St,M,Subway,40.775594,-73.97641,7.253
A,A24,59 St-Columbus Circle,M,Subway,40.768296,-73.981736,7.829
A,A25,50 St,M,Subway,40.762456,-73.985984,8.29
A,A27,42 St-Port Authority Bus Terminal,M,Subway,40.757308,-73.989735,8.696
A,A28,34 St-Penn Station,M,Subway,40.752287,-73.993391,9.092
A,A30,23 St,M,Subway,40.745906,-73.998041,9.596
A,A31,14 St,M,Subway,40.740893,-74.00169,9.991
A,A32,W 4 St-Wash Sq,M,Subway,40.732338,-74.000495,10.586
A,A33,Spring St,M,Subway,40.726227,-74.003739,11.041
A,A34,Canal St,M,Subway,40.720824,-74.005229,11.422
A,A36,Chambers St,M,Subway,40.714111,-74.008585,11.918
A,A38,Fulton St,M,Subway,40.710197,-74.007691,12.193
A,A40,High St,Bk,Subway,40.699337,-73.990531,13.363
A,A41,Jay St-MetroTech,Bk,Subway,40.692338,-73.987342,13.875
A,A42,Hoyt-Schermerhorn Sts,Bk,Subway,40.688484,-73.985001,14.168
A,A43,Lafayette Av,Bk,Subway,40.686113,-73.973946,14.77
A,A44,Clinton-Washington Avs,Bk,Subway,40.683263,-73.965838,15.238
A,A45,Franklin Av,Bk,Subway,40.68138,-73.956848,15.727
A,A46,Nostrand Av,Bk,Subway,40.680438,-73.950426,16.07
A,A47,Kingston-Throop Avs,Bk,Subway,40.679921,-73.940858,16.572
A,A48,Utica Av,Bk,Subway,40.679364,-73.930729,17.105
A,A49,Ralph Av,Bk,Subway,40.678822,-73.920786,17.627
A,A50,Rockaway Av,Bk,Subway,40.67834,-73.911946,18.091
A,A51,Broadway Junction,Bk,Subway,40.678334,-73.905316,18.439
A,A52,Liberty Av,Bk,Subway,40.674542,-73.896548,18.968
A,A53,Van Siclen Av,Bk,Subway,40.67271,-73.890358,19.316
A,A54,Shepherd Av,Bk,Subway,40.67413,-73.88075,19.829
A,A55,Euclid Av,Bk,Subway,40.675377,-73.872106,20.29
A,A57,Grant Av,Bk,Subway,40.677044,-73.86505,20.677
A,A59,80 St,Q,Elevated,40.679371,-73.858992,21.033
A,A60,88 St,Q,Elevated,40.679843,-73.85147,21.428
A,A61,Rockaway Blvd,Q,Elevated,40.680429,-73.843853,21.83
A,A63,104 St,Q,Elevated,40.681711,-73.837683,22.165
A,A64,111 St,Q,Elevated,40.684331,-73.832163,22.506
A,A65,Ozone Park-Lefferts Blvd,Q,Elevated,40.685951,-73.825798,22.858
A,H01,Aqueduct Racetrack,Q,At Grade,40.672097,-73.835919,23.952
A,H02,Aqueduct-N Conduit Av,Q,At Grade,40.668234,-73.834058,24.236
A,H03,Howard Beach-JFK Airport,Q,At Grade,40.660476,-73.830301,24.807
A,H04,Broad Channel,Q,At Grade,40.608382,-73.815925,28.485
A,H06,Beach 67 St,Q,Viaduct,40.590927,-73.796924,30.049
A,H07,Beach 60 St,Q,Viaduct,40.592374,-73.788522,30.501
A,H08,Beach 44 St,Q,Viaduct,40.592943,-73.776013,31.159
A,H09,Beach 36 St,Q,Viaduct,40.595398,-73.768175,31.604
A,H10,Beach 25 St,Q,Viaduct,40.600066,-73.761353,32.085
A,H11,Far Rockaway-Mott Av,Q,Viaduct,40.603995,-73.755405,32.499
C,A09,168 St,M,Subway,40.840719,-73.939561,0.0
C,A10,163 St-Amsterdam Av,M,Subway,40.836013,-73.939892,0.326
C,A11,155 St,M,Subway,40.830518,-73.941514,0.715
C,A12,145 St,M,Subway,40.824783,-73.944216,1.135
C,A14,135 St,M,Subway,40.817894,-73.947649,1.644
C,A15,125 St,M,Subway,40.811109,-73.952343,2.173
C,A16,116 St,M,Subway,40.805085,-73.954882,2.61
C,A17,Cathedral Pkwy (110 St),M,Subway,40.800603,-73.958161,2.964
C,A18,103 St,M,Subway,40.796092,-73.961454,3.32
C,A19,96 St,M,Subway,40.791642,-73.964696,3.671
C,A20,86 St,M,Subway,40.785868,-73.968916,4.127
C,A21,81 St-Museum of Natural History,M,Subway,40.781433,-73.972143,4.477
C,A22,72 St,M,Subway,40.775594,-73.97641,4.938
C,A24,59 St-Columbus Circle,M,Subway,40.768296,-73.981736,5.514
C,A25,50 St,M,Subway,40.762456,-73.985984,5.975
C,A27,42 St-Port Authority Bus Terminal,M,Subway,40.757308,-73.989735,6.381
C,A28,34 St-Penn Station,M,Subway,40.752287,-73.993391,6.777
C,A30,23 St,M,Subway,40.745906,-73.998041,7.281
C,A31,14 St,M,Subway,40.740893,-74.00169,7.677
C,A32,W 4 St-Wash Sq,M,Subway,40.732338,-74.000495,8.271
C,A33,Spring St,M,Subway,40.726227,-74.003739,8.726
C,A34,Canal St,M,Subway,40.720824,-74.005229,9.108
C,A36,Chambers St,M,Subway,40.714111,-74.008585,9.604
C,A38,Fulton St,M,Subway,40.710197,-74.007691,9.878
C,A40,High St,Bk,Subway,40.699337,-73.990531,11.049
C,A41,Jay St-MetroTech,Bk,Subway,40.692338,-73.987342,11.56
C,A42,Hoyt-Schermerhorn Sts,Bk,Subway,40.688484,-73.985001,11.854
C,A43,Lafayette Av,Bk,Subway,40.686113,-73.973946,12.456
C,A44,Clinton-Washington Avs,Bk,Subway,40.683263,-73.965838,12.924
C,A45,Franklin Av,Bk,Subway,40.68138,-73.956848,13.412
C,A46,Nostrand Av,Bk,Subway,40.680438,-73.950426,13.755
C,A47,Kingston-Throop Avs,Bk,Subway,40.679921,-73.940858,14.258
C,A48,Utica Av,Bk,Subway,40.679364,-73.930729,14.79
C,A49,Ralph Av,Bk,Subway,40.678822,-73.920786,15.312
C,A50,Rockaway Av,Bk,Subway,40.67834,-73.911946,15.777
C,A51,Broadway Junction,Bk,Subway,40.678334,-73.905316,16.124
C,A52,Liberty Av,Bk,Subway,40.674542,-73.896548,16.653
C,A53,Van Siclen Av,Bk,Subway,40.67271,-73.890358,17.001
C,A54,Shepherd Av,Bk,Subway,40.67413,-73.88075,17.514
C,A55,Euclid Av,Bk,Subway,40.675377,-73.872106,17.975
E,G05,Jamaica Center-Parsons/Archer,Q,Subway,40.702147,-73.801109,0.0
E,G06,Sutphin Blvd-Archer Av-JFK Airport,Q,Subway,40.700486,-73.807969,0.377
E,G07,Jamaica-Van Wyck,Q,Subway,40.702566,-73.816859,0.865
E,G08,Forest Hills-71 Av,Q,Subway,40.721691,-73.844521,2.825
E,G09,67 Av,Q,Subway,40.726523,-73.852719,3.369
E,G10,63 Dr-Rego Park,Q,Subway,40.729846,-73.861604,3.888
E,G11,Woodhaven Blvd,Q,Subway,40.733106,-73.869229,4.346
E,G12,Grand Av-Newtown,Q,Subway,40.737015,-73.877223,4.845
E,G13,Elmhurst Av,Q,Subway,40.742454,-73.882017,5.296
E,G14,Jackson Hts-Roosevelt Av,Q,Subway,40.746644,-73.891338,5.864
E,F09,Court Sq-23 St,Q,Subway,40.747846,-73.946,8.726
E,F11,Lexington Av/53 St,M,Subway,40.757552,-73.969055,10.107
E,F12,5 Av/53 St,M,Subway,40.760167,-73.975224,10.477
E,D14,7 Av,M,Subway,40.762862,-73.981637,10.861
E,D15,47-50 Sts-Rockefeller Ctr,M,Subway,40.758663,-73.981329,11.151
E,F14,2 Av,M,Subway,40.723402,-73.989938,13.629
E,F15,Delancey St-Essex St,M,Subway,40.718611,-73.988114,13.973
E,F16,East Broadway,M,Subway,40.713715,-73.990173,14.328
E,A25,50 St,M,Subway,40.762456,-73.985984,17.703
E,A27,42 St-Port Authority Bus Terminal,M,Subway,40.757308,-73.989735,18.109
E,A28,34 St-Penn Station,M,Subway,40.752287,-73.993391,18.506
E,A30,23 St,M,Subway,40.745906,-73.998041,19.009
E,A31,14 St,M,Subway,40.740893,-74.00169,19.405
E,A32,W 4 St-Wash Sq,M,Subway,40.732338,-74.000495,19.999
E,A33,Spring St,M,Subway,40.726227,-74.003739,20.454
E,A34,Canal St,M,Subway,40.720824,-74.005229,20.836
E,E01,World Trade Center,M,Subway,40.712582,-74.009781,21.453
B,D01,Norwood-205 St,Bx,Subway,40.874811,-73.878855,0.0
B,D03,Bedford Park Blvd,Bx,Subway,40.873244,-73.887138,0.446
B,D04,Kingsbridge Rd,Bx,Subway,40.866978,-73.893509,0.992
B,D05,Fordham Rd,Bx,Subway,40.861296,-73.897749,1.443
B,D06,182-183 Sts,Bx,Subway,40.856093,-73.900741,1.835
B,D07,Tremont Av,Bx,Subway,40.85041,-73.905227,2.292
B,D08,174-175 Sts,Bx,Subway,40.8459,-73.910136,2.696
B,D09,170 St,Bx,Subway,40.839306,-73.9134,3.182
B,D10,167 St,Bx,Subway,40.833771,-73.91844,3.647
B,D11,161 St-Yankee Stadium,Bx,Subway,40.827905,-73.925651,4.2
B,D12,155 St,M,Subway,40.830135,-73.938209,4.875
B,D13,145 St,M,Subway,40.824783,-73.944216,5.36
B,A24,59 St-Columbus Circle,M,Subway,40.768296,-73.981736,9.728
B,D14,7 Av,M,Subway,40.762862,-73.981637,10.104
B,D15,47-50 Sts-Rockefeller Ctr,M,Subway,40.758663,-73.981329,10.395
B,D16,42 St-Bryant Pk,M,Subway,40.754222,-73.984569,10.745
B,D17,34 St-Herald Sq,M,Subway,40.749719,-73.987823,11.1
B,D18,23 St,M,Subway,40.742878,-73.992821,11.64
B,D19,14 St,M,Subway,40.738228,-73.996209,12.007
B,D20,W 4 St-Wash Sq,M,Subway,40.732338,-74.000495,12.472
B,D21,Broadway-Lafayette St,M,Subway,40.725297,-73.996204,13.008
B,D22,Grand St,M,Subway,40.718267,-73.993753,13.51
B,D24,Atlantic Av-Barclays Ctr,Bk,Subway,40.68446,-73.97689,16.007
B,D25,7 Av,Bk,Subway,40.67705,-73.972367,16.571
B,D26,Prospect Park,Bk,Open Cut,40.661614,-73.962246,17.763
B,D27,Parkside Av,Bk,Open Cut,40.655292,-73.961495,18.201
B,D28,Church Av,Bk,Open Cut,40.650527,-73.962982,18.539
B,D29,Beverley Rd,Bk,Open Cut,40.644031,-73.964492,18.995
B,D30,Cortelyou Rd,Bk,Open Cut,40.640927,-73.963891,19.212
B,D31,Newkirk Plaza,Bk,Open Cut,40.635082,-73.962793,19.62
B,D32,Avenue H,Bk,Open Cut,40.62927,-73.961639,20.026
B,D33,Avenue J,Bk,Open Cut,40.625039,-73.960803,20.322
B,D34,Avenue M,Bk,Open Cut,40.617618,-73.959399,20.84
B,D35,Kings Hwy,Bk,Open Cut,40.60867,-73.957734,21.464
B,D40,Brighton Beach,Bk,Elevated,40.577621,-73.961376,23.618
B,D41,Ocean Pkwy,Bk,Elevated,40.576312,-73.968501,24.003
B,D42,W 8 St-NY Aquarium,Bk,Elevated,40.576127,-73.975939,24.393
B,D43,Coney Island-Stillwell Av,Bk,Viaduct,40.577422,-73.981233,24.685
D,D01,Norwood-205 St,Bx,Subway,40.874811,-73.878855,0.0
D,D03,Bedford Park Blvd,Bx,Subway,40.873244,-73.887138,0.446
D,D04,Kingsbridge Rd,Bx,Subway,40.866978,-73.893509,0.992
D,D05,Fordham Rd,Bx,Subway,40.861296,-73.897749,1.443
D,D06,182-183 Sts,Bx,Subway,40.856093,-73.900741,1.835
D,D07,Tremont Av,Bx,Subway,40.85041,-73.905227,2.292
D,D08,174-175 Sts,Bx,Subway,40.8459,-73.910136,2.696
D,D09,170 St,Bx,Subway,40.839306,-73.9134,3.182
D,D10,167 St,Bx,Subway,40.833771,-73.91844,3.647
D,D11,161 St-Yankee Stadium,Bx,Subway,40.827905,-73.925651,4.2
D,D12,155 St,M,Subway,40.830135,-73.938209,4.875
D,D13,145 St,M,Subway,40.824783,-73.944216,5.36
D,A24,59 St-Columbus Circle,M,Subway,40.768296,-73.981736,9.728
D,D14,7 Av,M,Subway,40.762862,-73.981637,10.104
D,D15,47-50 Sts-Rockefeller Ctr,M,Subway,40.758663,-73.981329,10.395
D,D16,42 St-Bryant Pk,M,Subway,40.754222,-73.984569,10.745
D,D17,34 St-Herald Sq,M,Subway,40.749719,-73.987823,11.1
D,D18,23 St,M,Subway,40.742878,-73.992821,11.64
D,D19,14 St,M,Subway,40.738228,-73.996209,12.007
D,D20,W 4 St-Wash Sq,M,Subway,40.732338,-74.000495,12.472
D,D21,Broadway-Lafayette St,M,Subway,40.725297,-73.996204,13.008
D,D22,Grand St,M,Subway,40.718267,-73.993753,13.51
D,D24,Atlantic Av-Barclays Ctr,Bk,Subway,40.68446,-73.97689,16.007
D,D25,7 Av,Bk,Subway,40.67705,-73.972367,16.571
D,D26,Prospect Park,Bk,Open Cut,40.661614,-73.962246,17.763
D,D27,Parkside Av,Bk,Open Cut,40.655292,-73.961495,18.201
D,D28,Church Av,Bk,Open Cut,40.650527,-73.962982,18.539
D,D29,Beverley Rd,Bk,Open Cut,40.644031,-73.964492,18.995
D,N04,New Utrecht Av,Bk,Open Cut,40.624842,-73.996353,21.128
D,N05,18 Av,Bk,Open Cut,40.620671,-73.990414,21.552
D,N06,20 Av,Bk,Open Cut,40.61741,-73.985026,21.914
D,B12,9 Av,Bk,Open Cut,40.646292,-73.994324,23.968
D,B13,Fort Hamilton Pkwy,Bk,Elevated,40.640914,-73.994304,24.34
D,B14,50 St,Bk,Elevated,40.63626,-73.994791,24.662
D,B15,55 St,Bk,Elevated,40.631435,-73.995476,24.997
D,B16,62 St,Bk,Elevated,40.626472,-73.996895,25.348
D,B17,71 St,Bk,Elevated,40.619589,-73.998864,25.835
D,B18,79 St,Bk,Elevated,40.613501,-74.00061,26.266
D,B19,18 Av,Bk,Elevated,40.607954,-74.001736,26.653
D,B20,20 Av,Bk,Elevated,40.604556,-73.998168,26.954
D,B21,Bay Pkwy,Bk,Elevated,40.601875,-73.993728,27.251
D,B22,25 Av,Bk,Elevated,40.597704,-73.986829,27.714
D,B23,Bay 50 St,Bk,Elevated,40.588841,-73.983765,28.347
F,F01,Jamaica-179 St,Q,Subway,40.712646,-73.783817,0.0
F,F02,169 St,Q,Subway,40.71047,-73.793604,0.534
F,F03,Parsons Blvd,Q,Subway,40.707564,-73.803326,1.082
F,F04,Sutphin Blvd,Q,Subway,40.70546,-73.810708,1.495
F,F05,Briarwood,Q,Subway,40.709179,-73.820574,2.072
F,F06,Kew Gardens-Union Tpke,Q,Subway,40.714441,-73.831008,2.728
F,F07,75 Av,Q,Subway,40.718331,-73.837324,3.154
F,G14,Jackson Hts-Roosevelt Av,Q,Subway,40.746644,-73.891338,6.593
F,F09,Court Sq-23 St,Q,Subway,40.747846,-73.946,9.455
F,F11,Lexington Av/53 St,M,Subway,40.757552,-73.969055,10.836
F,F12,5 Av/53 St,M,Subway,40.760167,-73.975224,11.206
F,D14,7 Av,M,Subway,40.762862,-73.981637,11.59
F,D15,47-50 Sts-Rockefeller Ctr,M,Subway,40.758663,-73.981329,11.88
F,F14,2 Av,M,Subway,40.723402,-73.989938,14.358
F,F15,Delancey St-Essex St,M,Subway,40.718611,-73.988114,14.702
F,F16,East Broadway,M,Subway,40.713715,-73.990173,15.058
F,D17,34 St-Herald Sq,M,Subway,40.749719,-73.987823,17.548
F,D18,23 St,M,Subway,40.742878,-73.992821,18.088
F,D19,14 St,M,Subway,40.738228,-73.996209,18.455
F,D20,W 4 St-Wash Sq,M,Subway,40.732338,-74.000495,18.92
F,D21,Broadway-Lafayette St,M,Subway,40.725297,-73.996204,19.456
F,A32,W 4 St-Wash Sq,M,Subway,40.732338,-74.000495,19.992
F,F18,York St,Bk,Subway,40.701397,-73.986751,22.248
F,F20,Bergen St,Bk,Subway,40.686145,-73.990862,23.323
F,F21,Carroll St,Bk,Subway,40.680303,-73.995048,23.783
F,F22,Smith-9 Sts,Bk,Viaduct,40.67358,-73.995959,24.25
F,F23,4 Av-9 St,Bk,Viaduct,40.670272,-73.989779,24.646
F,F24,7 Av,Bk,Subway,40.666271,-73.980305,25.214
F,F25,15 St-Prospect Park,Bk,Subway,40.660365,-73.979493,25.624
F,F26,Fort Hamilton Pkwy,Bk,Subway,40.650782,-73.975776,26.315
F,F27,Church Av,Bk,Subway,40.644041,-73.979678,26.823
F,F29,Ditmas Av,Bk,Elevated,40.636119,-73.978172,27.376
F,F30,18 Av,Bk,Elevated,40.629755,-73.976971,27.821
F,F31,Avenue I,Bk,Elevated,40.625322,-73.976127,28.13
F,F32,Bay Pkwy,Bk,Elevated,40.620769,-73.975264,28.448
F,F33,Avenue N,Bk,Elevated,40.61514,-73.974197,28.841
F,F34,Avenue P,Bk,Elevated,40.608944,-73.973022,29.273
F,F35,Kings Hwy,Bk,Elevated,40.603217,-73.972361,29.671
F,F36,Avenue U,Bk,Elevated,40.596063,-73.973357,30.168
F,F38,Avenue X,Bk,Elevated,40.58962,-73.97425,30.615
F,F39,Neptune Av,Bk,Elevated,40.581011,-73.974574,31.21
F,B23,Bay 50 St,Bk,Elevated,40.588841,-73.983765,31.935
M,M01,Middle Village-Metropolitan Av,Q,Elevated,40.711396,-73.889601,0.0
M,M04,Fresh Pond Rd,Q,Elevated,40.706186,-73.895877,0.487
M,M05,Forest Av,Q,Elevated,40.704423,-73.903077,0.884
M,M06,Seneca Av,Q,Elevated,40.702762,-73.90774,1.154
M,M08,Myrtle-Wyckoff Avs,Bk,Elevated,40.69943,-73.912385,1.489
M,M09,Knickerbocker Av,Bk,Elevated,40.698664,-73.919711,1.876
M,M10,Central Av,Bk,Elevated,40.697857,-73.927397,2.282
M,M11,Myrtle Av,Bk,Elevated,40.697207,-73.935657,2.717
M,M12,Flushing Av,Bk,Elevated,40.70026,-73.941126,3.073
M,M13,Lorimer St,Bk,Elevated,40.703869,-73.947408,3.486
M,M14,Hewes St,Bk,Elevated,40.70687,-73.953431,3.864
M,M16,Marcy Av,Bk,Elevated,40.708359,-73.957757,4.112
M,M18,Delancey St-Essex St,M,Subway,40.718315,-73.987437,5.812
M,M19,Bowery,M,Subway,40.72028,-73.993915,6.178
M,M20,Canal St,M,Subway,40.718092,-73.999892,6.525
M,M21,Chambers St,M,Subway,40.713243,-74.003401,6.907
M,M22,Fulton St,M,Subway,40.710374,-74.007582,7.203
M,M23,Broad St,M,Subway,40.706476,-74.011056,7.528
M,D18,23 St,M,Subway,40.742878,-73.992821,10.218
M,D19,14 St,M,Subway,40.738228,-73.996209,10.585
M,D20,W 4 St-Wash Sq,M,Subway,40.732338,-74.000495,11.05
M,D21,Broadway-Lafayette St,M,Subway,40.725297,-73.996204,11.586
M,A32,W 4 St-Wash Sq,M,Subway,40.732338,-74.000495,12.121
M,F18,York St,Bk,Subway,40.701397,-73.986751,14.377
M,F20,Bergen St,Bk,Subway,40.686145,-73.990862,15.453
M,F21,Carroll St,Bk,Subway,40.680303,-73.995048,15.912
M,F22,Smith-9 Sts,Bk,Viaduct,40.67358,-73.995959,16.379
M,F23,4 Av-9 St,Bk,Viaduct,40.670272,-73.989779,16.776
M,F24,7 Av,Bk,Subway,40.666271,-73.980305,17.344
M,F25,15 St-Prospect Park,Bk,Subway,40.660365,-73.979493,17.754
M,F26,Fort Hamilton Pkwy,Bk,Subway,40.650782,-73.975776,18.444
M,F27,Church Av,Bk,Subway,40.644041,-73.979678,18.953
G,G22,Court Sq,Q,Subway,40.746554,-73.943832,0.0
G,G24,21 St,Q,Subway,40.744065,-73.949724,0.353
G,G26,Greenpoint Av,Bk,Subway,40.731352,-73.954449,1.266
G,G28,Nassau Av,Bk,Subway,40.724635,-73.951277,1.759
G,G29,Metropolitan Av,Bk,Subway,40.712792,-73.951418,2.577
G,G30,Broadway,Bk,Subway,40.706092,-73.950308,3.043
G,G31,Flushing Av,Bk,Subway,40.700377,-73.950234,3.438
G,G32,Myrtle-Willoughby Avs,Bk,Subway,40.694568,-73.949046,3.845
G,G33,Bedford-Nostrand Avs,Bk,Subway,40.689627,-73.953522,4.259
G,G34,Classon Av,Bk,Subway,40.688873,-73.96007,4.606
G,G35,Clinton-Washington Avs,Bk,Subway,40.688089,-73.966839,4.964
G,G36,Fulton St,Bk,Subway,40.687119,-73.975375,5.417
G,A42,Hoyt-Schermerhorn Sts,Bk,Subway,40.688484,-73.985001,5.93
G,F20,Bergen St,Bk,Subway,40.686145,-73.990862,6.277
G,F21,Carroll St,Bk,Subway,40.680303,-73.995048,6.736
G,F22,Smith-9 Sts,Bk,Viaduct,40.67358,-73.995959,7.203
G,F23,4 Av-9 St,Bk,Viaduct,40.670272,-73.989779,7.599
G,F24,7 Av,Bk,Subway,40.666271,-73.980305,8.168
G,F25,15 St-Prospect Park,Bk,Subway,40.660365,-73.979493,8.578
G,F26,Fort Hamilton Pkwy,Bk,Subway,40.650782,-73.975776,9.268
G,F27,Church Av,Bk,Subway,40.644041,-73.979678,9.777
J,J12,121 St,Q,Elevated,40.700492,-73.828294,0.0
J,J13,111 St,Q,Elevated,40.697418,-73.836345,0.472
J,J14,104 St,Q,Elevated,40.695178,-73.84433,0.918
J,J15,Woodhaven Blvd,Q,Elevated,40.693879,-73.851576,1.308
J,J16,85 St-Forest Pkwy,Q,Elevated,40.692435,-73.86001,1.761
J,J17,75 St-Elderts Ln,Q,Elevated,40.691324,-73.867139,2.143
J,J19,Cypress Hills,Bk,Elevated,40.689941,-73.87255,2.442
J,J20,Crescent St,Bk,Elevated,40.683194,-73.873785,2.912
J,J21,Norwood Av,Bk,Elevated,40.68141,-73.880039,3.262
J,J22,Cleveland St,Bk,Elevated,40.679947,-73.884639,3.524
J,J23,Van Siclen Av,Bk,Elevated,40.678024,-73.891688,3.916
J,J24,Alabama Av,Bk,Elevated,40.676992,-73.898654,4.288
J,J27,Broadway Junction,Bk,Elevated,40.679498,-73.904512,4.641
J,J28,Chauncey St,Bk,Elevated,40.682893,-73.910456,5.031
J,J29,Halsey St,Bk,Elevated,40.68637,-73.916559,5.43
J,J30,Gates Av,Bk,Elevated,40.68963,-73.92227,5.805
J,J31,Kosciuszko St,Bk,Elevated,40.693342,-73.928814,6.233
J,M11,Myrtle Av,Bk,Elevated,40.697207,-73.935657,6.68
J,M12,Flushing Av,Bk,Elevated,40.70026,-73.941126,7.036
J,M13,Lorimer St,Bk,Elevated,40.703869,-73.947408,7.449
J,M14,Hewes St,Bk,Elevated,40.70687,-73.953431,7.826
J,M16,Marcy Av,Bk,Elevated,40.708359,-73.957757,8.075
J,M18,Delancey St-Essex St,M,Subway,40.718315,-73.987437,9.775
J,M19,Bowery,M,Subway,40.72028,-73.993915,10.14
J,M20,Canal St,M,Subway,40.718092,-73.999892,10.488
J,M21,Chambers St,M,Subway,40.713243,-74.003401,10.87
J,M22,Fulton St,M,Subway,40.710374,-74.007582,11.165
J,M23,Broad St,M,Subway,40.706476,-74.011056,11.49
J,M01,Middle Village-Metropolitan Av,Q,Elevated,40.711396,-73.889601,17.861
Z,J12,121 St,Q,Elevated,40.700492,-73.828294,0.0
Z,J13,111 St,Q,Elevated,40.697418,-73.836345,0.472
Z,J14,104 St,Q,Elevated,40.695178,-73.84433,0.918
Z,J15,Woodhaven Blvd,Q,Elevated,40.693879,-73.851576,1.308
Z,J16,85 St-Forest Pkwy,Q,Elevated,40.692435,-73.86001,1.761
Z,J17,75 St-Elderts Ln,Q,Elevated,40.691324,-73.867139,2.143
Z,J19,Cypress Hills,Bk,Elevated,40.689941,-73.87255,2.442
Z,J20,Crescent St,Bk,Elevated,40.683194,-73.873785,2.912
Z,J21,Norwood Av,Bk,Elevated,40.68141,-73.880039,3.262
Z,J22,Cleveland St,Bk,Elevated,40.679947,-73.884639,3.524
Z,J23,Van Siclen Av,Bk,Elevated,40.678024,-73.891688,3.916
Z,J24,Alabama Av,Bk,Elevated,40.676992,-73.898654,4.288
Z,J27,Broadway Junction,Bk,Elevated,40.679498,-73.904512,4.641
Z,J28,Chauncey St,Bk,Elevated,40.682893,-73.910456,5.031
Z,J29,Halsey St,Bk,Elevated,40.68637,-73.916559,5.43
Z,J30,Gates Av,Bk,Elevated,40.68963,-73.92227,5.805
Z,J31,Kosciuszko St,Bk,Elevated,40.693342,-73.928814,6.233
Z,M11,Myrtle Av,Bk,Elevated,40.697207,-73.935657,6.68
Z,M12,Flushing Av,Bk,Elevated,40.70026,-73.941126,7.036
Z,M13,Lorimer St,Bk,Elevated,40.703869,-73.947408,7.449
Z,M14,Hewes St,Bk,Elevated,40.70687,-73.953431,7.826
Z,M16,Marcy Av,Bk,Elevated,40.708359,-73.957757,8.075
Z,M18,Delancey St-Essex St,M,Subway,40.718315,-73.987437,9.775
Z,M19,Bowery,M,Subway,40.72028,-73.993915,10.14
Z,M20,Canal St,M,Subway,40.718092,-73.999892,10.488
Z,M21,Chambers St,M,Subway,40.713243,-74.003401,10.87
Z,M22,Fulton St,M,Subway,40.710374,-74.007582,11.165
Z,M23,Broad St,M,Subway,40.706476,-74.011056,11.49
Z,M01,Middle Village-Metropolitan Av,Q,Elevated,40.711396,-73.889601,17.861
L,L01,8 Av,M,Subway,40.739777,-74.002578,0.0
L,L02,6 Av,M,Subway,40.737335,-73.996786,0.347
L,L03,14 St-Union Sq,M,Subway,40.734789,-73.99073,0.71
L,L05,3 Av,M,Subway,40.732849,-73.986122,0.986
L,L06,1 Av,M,Subway,40.730953,-73.981628,1.255
L,L08,Bedford Av,Bk,Subway,40.717304,-73.956872,2.858
L,L10,Lorimer St,Bk,Subway,40.714063,-73.950275,3.27
L,L11,Graham Av,Bk,Subway,40.714565,-73.944053,3.597
L,L12,Grand St,Bk,Subway,40.711926,-73.94067,3.852
L,L13,Montrose Av,Bk,Subway,40.707739,-73.93985,4.144
L,L14,Morgan Av,Bk,Subway,40.706152,-73.933147,4.512
L,L15,Jefferson St,Bk,Subway,40.706607,-73.922913,5.049
L,L16,DeKalb Av,Bk,Subway,40.703811,-73.918425,5.353
L,L17,Myrtle-Wyckoff Avs,Bk,Subway,40.699814,-73.911586,5.805
L,L19,Halsey St,Q,Subway,40.695602,-73.904084,6.294
L,L20,Wilson Av,Bk,Subway,40.688764,-73.904046,6.767
L,L21,Bushwick Av-Aberdeen St,Bk,Subway,40.682829,-73.905249,7.182
L,L22,Broadway Junction,Bk,Elevated,40.678856,-73.90324,7.476
L,L24,Atlantic Av,Bk,Elevated,40.675345,-73.903097,7.718
L,L25,Sutter Av,Bk,Elevated,40.669367,-73.901975,8.136
L,L26,Livonia Av,Bk,Elevated,40.664038,-73.900571,8.511
L,L27,New Lots Av,Bk,Elevated,40.658733,-73.899232,8.884
L,L28,East 105 St,Bk,At Grade,40.650573,-73.899485,9.448
L,L29,Canarsie-Rockaway Pkwy,Bk,At Grade,40.646654,-73.90185,9.746
N,R01,Astoria-Ditmars Blvd,Q,Elevated,40.775036,-73.912034,0.0
N,R03,Astoria Blvd,Q,Elevated,40.770258,-73.917843,0.449
N,R04,30 Av,Q,Elevated,40.766779,-73.921479,0.755
N,R05,Broadway,Q,Elevated,40.76182,-73.925508,1.158
N,R06,36 Av,Q,Elevated,40.756804,-73.929575,1.564
N,R08,39 Av-Dutch Kills,Q,Elevated,40.752882,-73.932755,1.882
N,R09,Queensboro Plaza,Q,Elevated,40.750582,-73.940202,2.303
N,R11,Lexington Av/59 St,M,Subway,40.76266,-73.967258,3.947
N,R13,5 Av/59 St,M,Subway,40.764811,-73.973347,4.299
N,R14,57 St-7 Av,M,Subway,40.764664,-73.980658,4.681
N,R15,49 St,M,Subway,40.759901,-73.984139,5.057
N,R16,Times Sq-42 St,M,Subway,40.754672,-73.986754,5.444
N,R17,34 St-Herald Sq,M,Subway,40.749567,-73.98795,5.802
N,R18,28 St,M,Subway,40.745494,-73.988691,6.086
N,R19,23 St,M,Subway,40.741303,-73.989344,6.378
N,R20,14 St-Union Sq,M,Subway,40.735736,-73.990568,6.768
N,R21,8 St-NYU,M,Subway,40.730328,-73.992629,7.157
N,R22,Prince St,M,Subway,40.724329,-73.997702,7.649
N,R23,Canal St,M,Subway,40.719527,-74.001775,8.043
N,R24,City Hall,M,Subway,40.713282,-74.006978,8.554
N,R25,Cortlandt St,M,Subway,40.710668,-74.011029,8.832
N,R27,Whitehall St-South Ferry,M,Subway,40.703087,-74.012994,9.366
N,R28,Court St,Bk,Subway,40.6941,-73.991777,10.639
N,R30,DeKalb Av,Bk,Subway,40.690635,-73.981824,11.213
N,R31,Atlantic Av-Barclays Ctr,Bk,Subway,40.683666,-73.97881,11.72
N,R32,Union St,Bk,Subway,40.677316,-73.98311,12.213
N,R33,4 Av-9 St,Bk,Subway,40.670847,-73.988302,12.736
N,N02,8 Av,Bk,Open Cut,40.635064,-74.011719,15.496
N,N03,Fort Hamilton Pkwy,Bk,Open Cut,40.631386,-74.005351,15.916
N,N04,New Utrecht Av,Bk,Open Cut,40.624842,-73.996353,16.57
N,N05,18 Av,Bk,Open Cut,40.620671,-73.990414,16.994
N,N06,20 Av,Bk,Open Cut,40.61741,-73.985026,17.355
N,N07,Bay Pkwy,Bk,Open Cut,40.611815,-73.981848,17.776
N,N08,Kings Hwy,Bk,Open Cut,40.603923,-73.980353,18.327
N,N09,Avenue U,Bk,Open Cut,40.597473,-73.979137,18.777
N,N10,86 St,Bk,Open Cut,40.592721,-73.97823,19.109
N,B12,9 Av,Bk,Open Cut,40.646292,-73.994324,22.906
N,B13,Fort Hamilton Pkwy,Bk,Elevated,40.640914,-73.994304,23.277
N,B14,50 St,Bk,Elevated,40.63626,-73.994791,23.6
N,B15,55 St,Bk,Elevated,40.631435,-73.995476,23.935
N,B16,62 St,Bk,Elevated,40.626472,-73.996895,24.286
N,B17,71 St,Bk,Elevated,40.619589,-73.998864,24.773
N,B18,79 St,Bk,Elevated,40.613501,-74.00061,25.203
N,B19,18 Av,Bk,Elevated,40.607954,-74.001736,25.591
N,B20,20 Av,Bk,Elevated,40.604556,-73.998168,25.891
N,B21,Bay Pkwy,Bk,Elevated,40.601875,-73.993728,26.189
N,B22,25 Av,Bk,Elevated,40.597704,-73.986829,26.651
N,B23,Bay 50 St,Bk,Elevated,40.588841,-73.983765,27.284
Q,Q05,96 St,M,Subway,40.784318,-73.947152,0.0
Q,Q04,86 St,M,Subway,40.777891,-73.951787,0.506
Q,Q03,72 St,M,Subway,40.768799,-73.958424,1.224
Q,R14,57 St-7 Av,M,Subway,40.764664,-73.980658,2.422
Q,R15,49 St,M,Subway,40.759901,-73.984139,2.798
Q,R16,Times Sq-42 St,M,Subway,40.754672,-73.986754,3.184
Q,R17,34 St-Herald Sq,M,Subway,40.749567,-73.98795,3.543
Q,R18,28 St,M,Subway,40.745494,-73.988691,3.827
Q,R19,23 St,M,Subway,40.741303,-73.989344,4.118
Q,R20,14 St-Union Sq,M,Subway,40.735736,-73.990568,4.508
Q,R21,8 St-NYU,M,Subway,40.730328,-73.992629,4.897
Q,R22,Prince St,M,Subway,40.724329,-73.997702,5.389
Q,R23,Canal St,M,Subway,40.719527,-74.001775,5.784
Q,R24,City Hall,M,Subway,40.713282,-74.006978,6.294
Q,R25,Cortlandt St,M,Subway,40.710668,-74.011029,6.573
Q,R27,Whitehall St-South Ferry,M,Subway,40.703087,-74.012994,7.107
Q,R28,Court St,Bk,Subway,40.6941,-73.991777,8.38
Q,R30,DeKalb Av,Bk,Subway,40.690635,-73.981824,8.953
Q,R31,Atlantic Av-Barclays Ctr,Bk,Subway,40.683666,-73.97881,9.46
Q,R32,Union St,Bk,Subway,40.677316,-73.98311,9.953
Q,D24,Atlantic Av-Barclays Ctr,Bk,Subway,40.68446,-73.97689,10.545
Q,D25,7 Av,Bk,Subway,40.67705,-73.972367,11.109
Q,D26,Prospect Park,Bk,Open Cut,40.661614,-73.962246,12.3
Q,D27,Parkside Av,Bk,Open Cut,40.655292,-73.961495,12.739
Q,D28,Church Av,Bk,Open Cut,40.650527,-73.962982,13.077
Q,D29,Beverley Rd,Bk,Open Cut,40.644031,-73.964492,13.533
Q,D30,Cortelyou Rd,Bk,Open Cut,40.640927,-73.963891,13.75
Q,D31,Newkirk Plaza,Bk,Open Cut,40.635082,-73.962793,14.158
Q,D32,Avenue H,Bk,Open Cut,40.62927,-73.961639,14.564
Q,D33,Avenue J,Bk,Open Cut,40.625039,-73.960803,14.859
Q,D34,Avenue M,Bk,Open Cut,40.617618,-73.959399,15.377
Q,D35,Kings Hwy,Bk,Open Cut,40.60867,-73.957734,16.002
Q,D40,Brighton Beach,Bk,Elevated,40.577621,-73.961376,18.155
Q,D41,Ocean Pkwy,Bk,Elevated,40.576312,-73.968501,18.54
Q,D42,W 8 St-NY Aquarium,Bk,Elevated,40.576127,-73.975939,18.931
Q,D43,Coney Island-Stillwell Av,Bk,Viaduct,40.577422,-73.981233,19.223
Q,B14,50 St,Bk,Elevated,40.63626,-73.994791,23.35
Q,B15,55 St,Bk,Elevated,40.631435,-73.995476,23.685
Q,B16,62 St,Bk,Elevated,40.626472,-73.996895,24.036
Q,B17,71 St,Bk,Elevated,40.619589,-73.998864,24.522
Q,B18,79 St,Bk,Elevated,40.613501,-74.00061,24.953
Q,B19,18 Av,Bk,Elevated,40.607954,-74.001736,25.341
Q,B20,20 Av,Bk,Elevated,40.604556,-73.998168,25.641
Q,B21,Bay Pkwy,Bk,Elevated,40.601875,-73.993728,25.939
Q,B22,25 Av,Bk,Elevated,40.597704,-73.986829,26.401
Q,B23,Bay 50 St,Bk,Elevated,40.588841,-73.983765,27.034
R,G14,Jackson Hts-Roosevelt Av,Q,Subway,40.746644,-73.891338,0.0
R,F09,Court Sq-23 St,Q,Subway,40.747846,-73.946,2.862
R,F11,Lexington Av/53 St,M,Subway,40.757552,-73.969055,4.243
R,F12,5 Av/53 St,M,Subway,40.760167,-73.975224,4.613
R,R01,Astoria-Ditmars Blvd,Q,Elevated,40.775036,-73.912034,8.076
R,R03,Astoria Blvd,Q,Elevated,40.770258,-73.917843,8.524
R,R04,30 Av,Q,Elevated,40.766779,-73.921479,8.831
R,R05,Broadway,Q,Elevated,40.76182,-73.925508,9.233
R,R06,36 Av,Q,Elevated,40.756804,-73.929575,9.64
R,R08,39 Av-Dutch Kills,Q,Elevated,40.752882,-73.932755,9.958
R,R09,Queensboro Plaza,Q,Elevated,40.750582,-73.940202,10.379
R,R11,Lexington Av/59 St,M,Subway,40.76266,-73.967258,12.023
R,R13,5 Av/59 St,M,Subway,40.764811,-73.973347,12.374
R,R14,57 St-7 Av,M,Subway,40.764664,-73.980658,12.757
R,R15,49 St,M,Subway,40.759901,-73.984139,13.133
R,R16,Times Sq-42 St,M,Subway,40.754672,-73.986754,13.519
R,R17,34 St-Herald Sq,M,Subway,40.749567,-73.98795,13.878
R,R18,28 St,M,Subway,40.745494,-73.988691,14.162
R,R19,23 St,M,Subway,40.741303,-73.989344,14.453
R,R20,14 St-Union Sq,M,Subway,40.735736,-73.990568,14.843
R,R21,8 St-NYU,M,Subway,40.730328,-73.992629,15.232
R,R22,Prince St,M,Subway,40.724329,-73.997702,15.724
R,R23,Canal St,M,Subway,40.719527,-74.001775,16.119
R,R24,City Hall,M,Subway,40.713282,-74.006978,16.629
R,R25,Cortlandt St,M,Subway,40.710668,-74.011029,16.908
R,R27,Whitehall St-South Ferry,M,Subway,40.703087,-74.012994,17.442
R,R28,Court St,Bk,Subway,40.6941,-73.991777,18.715
R,R30,DeKalb Av,Bk,Subway,40.690635,-73.981824,19.288
R,R31,Atlantic Av-Barclays Ctr,Bk,Subway,40.683666,-73.97881,19.795
R,R32,Union St,Bk,Subway,40.677316,-73.98311,20.288
R,R33,4 Av-9 St,Bk,Subway,40.670847,-73.988302,20.812
R,R36,36 St,Bk,Subway,40.655144,-74.003549,22.159
R,R39,45 St,Bk,Subway,40.648939,-74.010006,22.705
R,R40,53 St,Bk,Subway,40.645069,-74.014034,23.046
R,R41,59 St,Bk,Subway,40.641362,-74.017881,23.372
R,R42,Bay Ridge Av,Bk,Subway,40.634967,-74.023377,23.9
R,R43,77 St,Bk,Subway,40.629742,-74.02551,24.278
R,R44,86 St,Bk,Subway,40.622687,-74.028398,24.788
R,R45,Bay Ridge-95 St,Bk,Subway,40.616622,-74.030876,25.227
