line,stop_id,stop_name,lat,lon,structure,borough,att,sprint,tmobile,verizon
1,101,Van Cortlandt Park-242 St,40.889248,-73.898583,Elevated,Bx,0.0,0.0,0.5,1.0
1,103,238 St,40.884667,-73.90087,Elevated,Bx,0.0,0.0,0.5,0.75
1,104,231 St,40.878856,-73.904834,Elevated,Bx,0.0,0.0,0.0,0.0
1,106,Marble Hill-225 St,40.874561,-73.909831,Elevated,M,0.0,0.0,0.75,0.75
1,107,215 St,40.869444,-73.915279,Elevated,M,0.25,0.0,0.25,0.25
1,108,207 St,40.864621,-73.918822,Elevated,M,0.0,0.0,0.5,0.5
1,109,Dyckman St,40.860531,-73.925536,Elevated,M,0.25,0.0,0.25,0.5
1,110,191 St,40.855225,-73.929412,Subway,M,0.0,0.25,0.0,0.0
1,111,181 St,40.849505,-73.933596,Subway,M,0.167,0.0,0.5,0.0
1,112,168 St-Washington Hts,40.840556,-73.940133,Subway,M,0.0,0.167,0.167,0.167
1,113,157 St,40.834041,-73.94489,Subway,M,0.0,0.0,0.0,0.0
1,114,145 St,40.826551,-73.95036,Subway,M,0.0,0.0,0.0,0.0
1,115,137 St-City College,40.822008,-73.953676,Subway,M,0.0,0.0,0.0,0.0
1,116,125 St,40.815581,-73.958372,Elevated,M,0.0,0.0,0.0,0.0
1,117,116 St-Columbia University,40.807722,-73.96411,Subway,M,0.0,0.2,0.2,0.6
1,118,Cathedral Pkwy (110 St),40.803967,-73.966847,Subway,M,0.0,0.0,0.333,0.333
1,119,103 St,40.799446,-73.968379,Subway,M,0.0,0.0,0.0,0.333
1,120,96 St,40.793919,-73.972323,Subway,M,0.0,0.0,0.25,0.25
1,121,86 St,40.788644,-73.976218,Subway,M,0.0,0.5,0.0,0.25
1,122,79 St,40.783934,-73.979917,Subway,M,0.0,0.0,0.5,0.75
1,123,72 St,40.778453,-73.98197,Subway,M,0.0,0.0,0.0,0.667
1,124,66 St-Lincoln Center,40.77344,-73.982209,Subway,M,0.0,0.0,0.0,0.25
1,125,59 St-Columbus Circle,40.768247,-73.981929,Subway,M,0.0,0.25,0.75,0.5
1,126,50 St,40.761728,-73.983849,Subway,M,0.0,0.0,0.0,0.5
1,127,Times Sq-42 St,40.75529,-73.987495,Subway,M,0.0,0.0,0.25,0.5
1,128,34 St-Penn Station,40.750373,-73.991057,Subway,M,0.0,0.333,0.333,0.667
1,129,28 St,40.747215,-73.993365,Subway,M,0.0,0.333,0.333,0.0
1,130,23 St,40.744081,-73.995657,Subway,M,0.0,0.0,0.5,0.5
1,131,18 St,40.74104,-73.997871,Subway,M,0.0,0.5,0.5,1.0
1,132,14 St,40.737826,-74.000201,Subway,M,0.0,0.667,0.667,0.333
1,133,Christopher St-Stonewall,40.733422,-74.002906,Subway,M,0.0,0.25,0.25,0.75
1,134,Houston St,40.728251,-74.005367,Subway,M,0.0,0.0,0.333,1.0
1,135,Canal St,40.722854,-74.006277,Subway,M,0.0,0.333,0.333,0.333
1,136,Franklin St,40.719318,-74.006886,Subway,M,0.0,0.0,0.333,0.667
1,137,Chambers St,40.715478,-74.009266,Subway,M,0.0,0.0,0.0,0.667
1,138,WTC Cortlandt,40.711835,-74.012188,Subway,M,0.333,0.0,0.333,0.0
1,139,Rector St,40.707513,-74.013783,Subway,M,0.0,0.0,0.0,0.333
1,142,South Ferry,40.702068,-74.013664,Subway,M,0.0,0.176,0.059,0.471
2,120,96 St,40.793919,-73.972323,Subway,M,0.0,0.0,0.333,0.667
2,123,72 St,40.778453,-73.98197,Subway,M,0.143,0.214,0.357,0.357
2,127,Times Sq-42 St,40.75529,-73.987495,Subway,M,0.444,0.111,0.778,0.889
2,128,34 St-Penn Station,40.750373,-73.991057,Subway,M,0.0,0.429,0.429,0.571
2,132,14 St,40.737826,-74.000201,Subway,M,0.083,0.25,0.667,0.5
2,137,Chambers St,40.715478,-74.009266,Subway,M,0.085,0.134,0.341,0.39
2,201,Wakefield-241 St,40.903125,-73.85062,Elevated,Bx,0.08,0.107,0.187,0.413
2,204,Nereid Av,40.898379,-73.854376,Elevated,Bx,0.0,0.75,0.0,0.5
2,205,233 St,40.893193,-73.857473,Elevated,Bx,0.0,0.0,0.0,0.0
2,206,225 St,40.888022,-73.860341,Elevated,Bx,0.0,0.333,0.0,0.0
2,207,219 St,40.883895,-73.862633,Elevated,Bx,0.0,0.0,0.0,0.0
2,208,Gun Hill Rd,40.87785,-73.866256,Elevated,Bx,0.0,0.0,0.0,0.0
2,209,Burke Av,40.871356,-73.867164,Elevated,Bx,0.0,0.0,0.0,0.0
2,210,Allerton Av,40.865462,-73.867352,Elevated,Bx,0.0,0.0,0.0,0.0
2,211,Pelham Pkwy,40.857192,-73.867615,Elevated,Bx,0.0,0.0,0.0,0.167
2,212,Bronx Park East,40.848828,-73.868457,Elevated,Bx,0.0,0.0,0.0,0.0
2,213,E 180 St,40.841894,-73.873488,Elevated,Bx,0.0,0.0,0.0,0.0
2,214,West Farms Sq-E Tremont Av,40.840295,-73.880049,Elevated,Bx,0.0,0.0,0.0,0.0
2,215,174 St,40.837288,-73.887734,Elevated,Bx,0.0,0.0,0.0,0.333
3,120,96 St,40.793919,-73.972323,Subway,M,0.0,0.0,0.167,0.667
3,123,72 St,40.778453,-73.98197,Subway,M,0.071,0.071,0.143,0.286
3,127,Times Sq-42 St,40.75529,-73.987495,Subway,M,0.111,0.111,0.111,0.556
3,128,34 St-Penn Station,40.750373,-73.991057,Subway,M,0.143,0.143,0.0,0.143
3,132,14 St,40.737826,-74.000201,Subway,M,0.0,0.417,0.25,0.333
3,137,Chambers St,40.715478,-74.009266,Subway,M,0.089,0.289,0.244,0.6
3,224,135 St,40.814229,-73.94077,Subway,M,0.0,0.205,0.026,0.179
3,225,125 St,40.807754,-73.945495,Subway,M,0.2,0.0,0.0,0.0
3,226,116 St,40.802098,-73.949625,Subway,M,0.0,0.0,0.0,0.0
3,227,110 St-Malcolm X Plaza,40.799075,-73.951822,Subway,M,0.152,0.03,0.182,0.333
3,228,Park Place,40.713051,-74.008811,Subway,M,0.455,0.273,0.545,0.455
4,234,Nevins St,40.688246,-73.980492,Subway,Bk,0.0,0.0,0.0,0.0
4,235,Atlantic Av-Barclays Ctr,40.684359,-73.977666,Subway,Bk,0.0,0.0,0.0,0.0
4,239,Franklin Av-Medgar Evers College,40.670682,-73.958131,Subway,Bk,0.154,0.077,0.462,0.385
4,250,Crown Hts-Utica Av,40.668897,-73.932942,Subway,Bk,0.138,0.088,0.162,0.175
4,401,Woodlawn,40.886037,-73.878751,Elevated,Bx,0.053,0.16,0.133,0.253
4,402,Mosholu Pkwy,40.87975,-73.884655,Elevated,Bx,0.2,0.0,0.2,0.2
4,405,Bedford Park Blvd-Lehman College,40.873412,-73.890064,Elevated,Bx,0.0,0.0,0.0,0.0
4,406,Kingsbridge Rd,40.86776,-73.897174,Elevated,Bx,0.0,0.333,0.0,0.333
5,204,Nereid Av,40.898379,-73.854376,Elevated,Bx,0.0,0.0,0.0,0.0
5,205,233 St,40.893193,-73.857473,Elevated,Bx,0.0,0.0,0.0,0.0
5,206,225 St,40.888022,-73.860341,Elevated,Bx,0.0,0.0,0.0,0.0
5,207,219 St,40.883895,-73.862633,Elevated,Bx,0.5,0.25,0.75,0.5
5,208,Gun Hill Rd,40.87785,-73.866256,Elevated,Bx,0.0,0.0,0.8,0.4
5,209,Burke Av,40.871356,-73.867164,Elevated,Bx,0.0,0.0,0.25,0.75
5,210,Allerton Av,40.865462,-73.867352,Elevated,Bx,0.25,0.5,0.25,0.5
5,211,Pelham Pkwy,40.857192,-73.867615,Elevated,Bx,0.167,0.0,0.167,0.833
5,212,Bronx Park East,40.848828,-73.868457,Elevated,Bx,0.2,0.0,0.4,0.4
5,213,E 180 St,40.841894,-73.873488,Elevated,Bx,0.0,0.6,0.6,0.4
5,214,West Farms Sq-E Tremont Av,40.840295,-73.880049,Elevated,Bx,0.0,0.0,0.667,0.333
5,215,174 St,40.837288,-73.887734,Elevated,Bx,0.4,0.2,0.2,0.4
5,216,Freeman St,40.829993,-73.891865,Elevated,Bx,0.0,0.4,0.8,0.8
5,217,Simpson St,40.824073,-73.893064,Elevated,Bx,0.333,0.0,0.333,0.667
5,218,Intervale Av,40.822181,-73.896736,Elevated,Bx,0.0,0.0,0.0,0.0
5,219,Prospect Av,40.819585,-73.90177,Elevated,Bx,0.0,0.0,0.667,0.333
5,220,Jackson Av,40.81649,-73.907807,Elevated,Bx,0.0,0.0,1.0,0.5
5,221,3 Av-149 St,40.816109,-73.917757,Subway,Bx,0.0,0.0,0.2,0.4
5,222,149 St-Grand Concourse,40.81841,-73.926718,Subway,Bx,0.062,0.083,0.125,0.146
5,234,Nevins St,40.688246,-73.980492,Subway,Bk,0.13,0.196,0.109,0.304
5,235,Atlantic Av-Barclays Ctr,40.684359,-73.977666,Subway,Bk,0.0,0.125,0.0,0.125
5,239,Franklin Av-Medgar Evers College,40.670682,-73.958131,Subway,Bk,0.0,0.111,0.0,0.0
5,241,President St-Medgar Evers College,40.667883,-73.950683,Subway,Bk,0.0,0.0,0.0,0.0
5,242,Sterling St,40.662742,-73.95085,Subway,Bk,0.0,0.0,0.0,0.0
5,243,Winthrop St,40.656652,-73.9502,Subway,Bk,0.0,0.5,0.0,0.0
5,244,Church Av,40.650843,-73.949575,Subway,Bk,0.25,0.5,0.0,0.0
5,245,Beverly Rd,40.645098,-73.948959,Subway,Bk,0.0,0.333,0.333,0.0
5,246,Newkirk Av-Little Haiti,40.639967,-73.948411,Subway,Bk,0.0,0.0,0.0,0.0
5,247,Flatbush Av-Brooklyn College,40.632836,-73.947642,Subway,Bk,0.0,0.0,0.028,0.083
6,601,Pelham Bay Park,40.852462,-73.828121,Elevated,Bx,0.0,0.0,0.0,0.0
6,602,Buhre Av,40.84681,-73.832569,Elevated,Bx,0.0,0.0,0.0,0.0
6,603,Middletown Rd,40.843863,-73.836322,Elevated,Bx,0.0,0.0,0.0,0.0
6,604,Westchester Sq-E Tremont Av,40.839892,-73.842952,Elevated,Bx,0.0,0.0,0.667,1.0
6,606,Zerega Av,40.836488,-73.847036,Elevated,Bx,0.333,0.333,0.333,0.667
6,607,Castle Hill Av,40.834255,-73.851222,Elevated,Bx,0.0,0.25,0.25,0.25
6,608,Parkchester,40.833226,-73.860816,Elevated,Bx,0.25,0.5,0.5,0.5
6,609,St Lawrence Av,40.831509,-73.867618,Elevated,Bx,0.5,0.0,0.25,0.25
6,610,Morrison Av-Soundview,40.829521,-73.874516,Elevated,Bx,0.0,0.0,0.333,0.333
6,611,Elder Av,40.828584,-73.879159,Elevated,Bx,0.0,0.333,0.667,0.667
6,612,Whitlock Av,40.826525,-73.886283,Elevated,Bx,0.25,0.0,0.0,0.25
6,613,Hunts Point Av,40.820948,-73.890549,Subway,Bx,0.5,0.0,0.0,0.0
6,614,Longwood Av,40.816104,-73.896435,Subway,Bx,0.2,0.0,0.2,0.2
6,615,E 149 St,40.812118,-73.904098,Subway,Bx,0.0,0.0,0.25,0.25
6,616,E 143 St-St Mary's St,40.808719,-73.907657,Subway,Bx,0.0,0.0,0.0,0.333
6,617,Cypress Av,40.805368,-73.914042,Subway,Bx,0.0,0.0,0.0,0.0
6,618,Brook Av,40.807566,-73.91924,Subway,Bx,0.0,0.0,0.0,0.0
6,619,3 Av-138 St,40.810476,-73.926138,Subway,Bx,0.0,0.0,0.0,0.0
6,621,125 St,40.804138,-73.937594,Subway,M,0.0,0.0,0.0,0.0
6,622,116 St,40.798629,-73.941617,Subway,M,0.0,0.0,0.0,0.0
6,623,110 St,40.79502,-73.94425,Subway,M,0.0,0.0,0.0,0.333
6,624,103 St,40.7906,-73.947478,Subway,M,0.0,0.0,0.0,0.0
6,625,96 St,40.785672,-73.95107,Subway,M,0.25,0.0,0.0,0.0
6,626,86 St,40.779492,-73.955589,Subway,M,0.2,0.0,0.2,0.0
6,627,77 St,40.77362,-73.959874,Subway,M,0.25,0.25,0.25,0.25
6,628,68 St-Hunter College,40.768141,-73.96387,Subway,M,0.0,0.0,0.0,0.0
6,629,59 St,40.762526,-73.967967,Subway,M,0.0,0.0,0.0,0.25
6,630,51 St,40.757107,-73.97192,Subway,M,0.0,0.0,0.0,0.0
6,631,Grand Central-42 St,40.751776,-73.976848,Subway,M,0.0,0.0,0.0,0.0
6,632,33 St,40.746081,-73.982076,Subway,M,0.0,0.0,0.0,0.0
6,633,28 St,40.74307,-73.984264,Subway,M,0.0,0.0,0.0,0.0
6,634,23 St-Baruch College,40.739864,-73.986599,Subway,M,0.0,0.0,0.0,0.0
6,635,14 St-Union Sq,40.734673,-73.989951,Subway,M,0.0,0.0,0.0,0.333
6,636,Astor Pl,40.730054,-73.99107,Subway,M,0.0,0.0,0.25,0.25
6,637,Bleecker St,40.725915,-73.994659,Subway,M,0.0,1.0,0.0,0.333
6,638,Spring St,40.722301,-73.997141,Subway,M,0.5,0.0,1.0,1.0
6,639,Canal St,40.718803,-74.000193,Subway,M,0.0,0.0,0.25,0.5
6,640,Brooklyn Bridge-City Hall,40.713065,-74.004131,Subway,M,0.0,0.118,0.118,0.176
7,701,Flushing-Main St,40.7596,-73.83003,Subway,Q,0.0,0.0,0.0,0.0
7,702,Mets-Willets Point,40.754622,-73.845625,Elevated,Q,0.0,0.143,0.0,0.0
7,705,111 St,40.75173,-73.855334,Elevated,Q,0.0,0.25,0.5,0.0
7,706,103 St-Corona Plaza,40.749865,-73.8627,Elevated,Q,0.5,0.0,0.5,0.5
7,707,Junction Blvd,40.749145,-73.869527,Elevated,Q,0.333,0.0,0.667,0.0
7,708,90 St-Elmhurst Av,40.748408,-73.876613,Elevated,Q,0.25,0.25,0.0,0.25
7,709,82 St-Jackson Hts,40.747659,-73.883697,Elevated,Q,0.25,0.25,0.25,0.5
7,710,74 St-Broadway,40.746848,-73.891394,Elevated,Q,0.0,0.333,0.667,0.667
7,711,69 St,40.746325,-73.896403,Elevated,Q,0.0,0.0,0.667,1.0
7,712,61 St-Woodside,40.74563,-73.902984,Elevated,Q,0.25,0.0,0.5,0.0
7,713,52 St,40.744149,-73.912549,Elevated,Q,0.0,0.0,0.75,0.75
7,714,46 St-Bliss St,40.743132,-73.918435,Elevated,Q,0.333,0.333,0.667,0.333
7,715,40 St-Lowery St,40.743781,-73.924016,Elevated,Q,0.0,0.667,0.0,0.333
7,716,33 St-Rawson St,40.744587,-73.930997,Elevated,Q,1.0,0.0,0.2,0.6
7,718,Queensboro Plaza,40.750582,-73.940202,Elevated,Q,0.2,0.0,0.4,0.6
7,719,Court Sq,40.747023,-73.945264,Elevated,Q,0.333,0.0,0.667,0.0
7,720,Hunters Point Av,40.742216,-73.948916,Subway,Q,0.333,0.0,0.667,0.333
7,721,Vernon Blvd-Jackson Av,40.742626,-73.953581,Subway,Q,0.375,0.25,0.5,0.5
7,723,Grand Central-42 St,40.751431,-73.976041,Subway,M,0.125,0.375,0.5,0.375
7,724,5 Av,40.753821,-73.981963,Subway,M,0.0,0.0,0.0,0.0
7,725,Times Sq-42 St,40.755477,-73.987691,Subway,M,0.0,0.0,0.0,0.0
7,726,34 St-Hudson Yards,40.755882,-74.00191,Subway,M,0.1,0.0,0.5,0.6
A,A02,Inwood-207 St,40.868072,-73.919899,Subway,M,1.0,0.0,0.0,0.0
A,A03,Dyckman St,40.865491,-73.927271,Subway,M,0.5,0.0,0.0,0.0
A,A05,190 St,40.859022,-73.93418,Subway,M,0.0,0.167,0.0,0.0
A,A06,181 St,40.851695,-73.937969,Subway,M,0.0,0.0,0.0,0.0
A,A07,175 St,40.847391,-73.939704,Subway,M,0.0,0.0,0.0,0.0
A,A09,168 St,40.840719,-73.939561,Subway,M,0.0,0.0,0.0,0.0
A,A10,163 St-Amsterdam Av,40.836013,-73.939892,Subway,M,0.0,0.0,0.0,0.0
A,A11,155 St,40.830518,-73.941514,Subway,M,0.0,0.0,0.0,0.0
A,A12,145 St,40.824783,-73.944216,Subway,M,0.0,0.0,0.0,0.5
A,A14,135 St,40.817894,-73.947649,Subway,M,0.0,0.0,0.0,0.0
A,A15,125 St,40.811109,-73.952343,Subway,M,0.0,0.2,0.0,0.0
A,A16,116 St,40.805085,-73.954882,Subway,M,0.667,0.0,0.0,0.0
A,A17,Cathedral Pkwy (110 St),40.800603,-73.958161,Subway,M,0.75,0.0,0.0,0.0
A,A18,103 St,40.796092,-73.961454,Subway,M,0.0,0.0,0.0,0.0
A,A19,96 St,40.791642,-73.964696,Subway,M,0.0,0.0,0.0,0.0
A,A20,86 St,40.785868,-73.968916,Subway,M,0.0,0.0,0.0,0.0
A,A21,81 St-Museum of Natural History,40.781433,-73.972143,Subway,M,0.25,0.0,0.0,0.0
A,A22,72 St,40.775594,-73.97641,Subway,M,0.0,0.0,0.6,0.6
A,A24,59 St-Columbus Circle,40.768296,-73.981736,Subway,M,0.0,0.0,0.8,0.6
A,A25,50 St,40.762456,-73.985984,Subway,M,0.0,0.5,0.5,0.25
A,A27,42 St-Port Authority Bus Terminal,40.757308,-73.989735,Subway,M,0.25,0.0,0.0,0.5
A,A28,34 St-Penn Station,40.752287,-73.993391,Subway,M,0.25,0.0,0.0,0.25
A,A30,23 St,40.745906,-73.998041,Subway,M,0.25,0.0,0.25,0.75
A,A31,14 St,40.740893,-74.00169,Subway,M,0.0,0.4,0.2,0.6
A,A32,W 4 St-Wash Sq,40.732338,-74.000495,Subway,M,0.0,0.0,0.2,0.6
A,A33,Spring St,40.726227,-74.003739,Subway,M,0.0,0.5,0.25,0.0
A,A34,Canal St,40.720824,-74.005229,Subway,M,0.25,0.25,0.0,0.25
A,A36,Chambers St,40.714111,-74.008585,Subway,M,0.0,0.0,0.0,0.5
A,A38,Fulton St,40.710197,-74.007691,Subway,M,0.0,0.0,0.0,0.0
A,A40,High St,40.699337,-73.990531,Subway,Bk,0.0,0.0,0.0,0.0
A,A41,Jay St-MetroTech,40.692338,-73.987342,Subway,Bk,0.0,0.0,0.0,0.0
A,A42,Hoyt-Schermerhorn Sts,40.688484,-73.985001,Subway,Bk,0.0,0.0,0.0,0.0
A,A43,Lafayette Av,40.686113,-73.973946,Subway,Bk,0.0,0.0,0.0,0.0
A,A44,Clinton-Washington Avs,40.683263,-73.965838,Subway,Bk,0.0,0.0,0.0,0.4
A,A45,Franklin Av,40.68138,-73.956848,Subway,Bk,0.0,0.0,0.0,0.0
A,A46,Nostrand Av,40.680438,-73.950426,Subway,Bk,0.0,0.0,0.0,0.0
A,A47,Kingston-Throop Avs,40.679921,-73.940858,Subway,Bk,0.0,0.0,0.0,0.0
A,A48,Utica Av,40.679364,-73.930729,Subway,Bk,0.2,0.0,0.0,0.0
A,A49,Ralph Av,40.678822,-73.920786,Subway,Bk,0.2,0.0,0.0,0.0
A,A50,Rockaway Av,40.67834,-73.911946,Subway,Bk,0.0,0.25,0.0,0.0
A,A51,Broadway Junction,40.678334,-73.905316,Subway,Bk,0.0,0.0,0.0,0.0
A,A52,Liberty Av,40.674542,-73.896548,Subway,Bk,0.0,0.25,0.0,0.0
A,A53,Van Siclen Av,40.67271,-73.890358,Subway,Bk,0.0,0.25,0.0,0.0
A,A54,Shepherd Av,40.67413,-73.88075,Subway,Bk,0.0,0.2,0.0,0.0
A,A55,Euclid Av,40.675377,-73.872106,Subway,Bk,0.0,0.25,0.0,0.25
A,A57,Grant Av,40.677044,-73.86505,Subway,Bk,0.0,0.0,0.0,0.0
A,A59,80 St,40.679371,-73.858992,Elevated,Q,0.0,0.0,0.0,0.0
A,A60,88 St,40.679843,-73.85147,Elevated,Q,0.0,0.0,0.0,0.0
A,A61,Rockaway Blvd,40.680429,-73.843853,Elevated,Q,0.0,0.0,0.0,0.0
A,A63,104 St,40.681711,-73.837683,Elevated,Q,0.25,0.0,0.5,0.0
A,A64,111 St,40.684331,-73.832163,Elevated,Q,0.333,0.0,0.667,1.0
A,A65,Ozone Park-Lefferts Blvd,40.685951,-73.825798,Elevated,Q,0.286,0.0,0.429,0.857
A,H01,Aqueduct Racetrack,40.672097,-73.835919,At Grade,Q,0.167,0.167,0.167,0.333
A,H02,Aqueduct-N Conduit Av,40.668234,-73.834058,At Grade,Q,0.0,0.0,0.4,0.2
A,H03,Howard Beach-JFK Airport,40.660476,-73.830301,At Grade,Q,0.25,0.2,0.25,0.2
A,H04,Broad Channel,40.608382,-73.815925,At Grade,Q,0.04,0.04,0.24,0.36
A,H06,Beach 67 St,40.590927,-73.796924,Viaduct,Q,0.1,0.1,0.4,0.4
A,H07,Beach 60 St,40.592374,-73.788522,Viaduct,Q,0.2,0.0,0.4,0.8
A,H08,Beach 44 St,40.592943,-73.776013,Viaduct,Q,0.2,0.2,0.2,0.2
A,H09,Beach 36 St,40.595398,-73.768175,Viaduct,Q,0.0,0.0,0.4,0.6
A,H10,Beach 25 St,40.600066,-73.761353,Viaduct,Q,0.25,0.0,0.5,0.75
A,H11,Far Rockaway-Mott Av,40.603995,-73.755405,Viaduct,Q,0.111,0.111,0.556,0.556
B,A24,59 St-Columbus Circle,40.768296,-73.981736,Subway,M,0.087,0.13,0.087,0.261
B,D01,Norwood-205 St,40.874811,-73.878855,Subway,Bx,0.0,0.0,0.0,0.0
B,D03,Bedford Park Blvd,40.873244,-73.887138,Subway,Bx,0.0,0.0,0.0,0.0
B,D04,Kingsbridge Rd,40.866978,-73.893509,Subway,Bx,0.0,0.0,0.0,0.0
B,D05,Fordham Rd,40.861296,-73.897749,Subway,Bx,0.0,0.0,0.0,0.25
B,D06,182-183 Sts,40.856093,-73.900741,Subway,Bx,0.0,0.5,0.0,0.0
B,D07,Tremont Av,40.85041,-73.905227,Subway,Bx,0.0,0.0,0.0,0.0
B,D08,174-175 Sts,40.8459,-73.910136,Subway,Bx,0.0,0.0,0.0,0.0
B,D09,170 St,40.839306,-73.9134,Subway,Bx,0.0,0.0,0.0,0.0
B,D10,167 St,40.833771,-73.91844,Subway,Bx,0.0,0.0,0.0,0.0
B,D11,161 St-Yankee Stadium,40.827905,-73.925651,Subway,Bx,0.0,0.0,0.0,0.0
B,D12,155 St,40.830135,-73.938209,Subway,M,0.0,0.0,0.0,0.0
B,D13,145 St,40.824783,-73.944216,Subway,M,0.043,0.304,0.0,0.0
B,D14,7 Av,40.762862,-73.981637,Subway,M,0.0,0.0,0.0,0.333
B,D15,47-50 Sts-Rockefeller Ctr,40.758663,-73.981329,Subway,M,0.0,0.0,0.0,0.667
B,D16,42 St-Bryant Pk,40.754222,-73.984569,Subway,M,0.0,0.0,0.333,0.667
B,D17,34 St-Herald Sq,40.749719,-73.987823,Subway,M,0.0,0.25,0.5,0.25
B,D18,23 St,40.742878,-73.992821,Subway,M,0.0,0.0,0.4,0.4
B,D19,14 St,40.738228,-73.996209,Subway,M,0.0,0.5,0.5,0.5
B,D20,W 4 St-Wash Sq,40.732338,-74.000495,Subway,M,0.0,0.4,0.2,0.6
B,D21,Broadway-Lafayette St,40.725297,-73.996204,Subway,M,0.4,0.0,0.2,0.4
B,D22,Grand St,40.718267,-73.993753,Subway,M,0.0,0.0,0.071,0.071
B,D24,Atlantic Av-Barclays Ctr,40.68446,-73.97689,Subway,Bk,0.067,0.267,0.267,0.133
B,D25,7 Av,40.67705,-73.972367,Subway,Bk,0.0,0.0,0.0,0.0
B,D26,Prospect Park,40.661614,-73.962246,Open Cut,Bk,0.0,0.0,0.0,0.0
B,D27,Parkside Av,40.655292,-73.961495,Open Cut,Bk,0.0,0.0,0.0,0.0
B,D28,Church Av,40.650527,-73.962982,Open Cut,Bk,0.0,0.0,0.0,0.0
B,D29,Beverley Rd,40.644031,-73.964492,Open Cut,Bk,0.25,0.0,0.0,0.25
B,D30,Cortelyou Rd,40.640927,-73.963891,Open Cut,Bk,0.0,0.0,0.333,0.667
B,D31,Newkirk Plaza,40.635082,-73.962793,Open Cut,Bk,0.333,0.0,0.667,0.667
B,D32,Avenue H,40.62927,-73.961639,Open Cut,Bk,0.25,0.25,0.5,0.5
B,D33,Avenue J,40.625039,-73.960803,Open Cut,Bk,0.0,0.0,0.25,0.75
B,D34,Avenue M,40.617618,-73.959399,Open Cut,Bk,0.4,0.0,0.2,0.4
B,D35,Kings Hwy,40.60867,-73.957734,Open Cut,Bk,0.143,0.143,0.429,0.286
B,D40,Brighton Beach,40.577621,-73.961376,Elevated,Bk,0.083,0.0,0.25,0.5
B,D41,Ocean Pkwy,40.576312,-73.968501,Elevated,Bk,0.333,0.0,0.333,0.0
B,D42,W 8 St-NY Aquarium,40.576127,-73.975939,Elevated,Bk,0.0,0.0,0.0,0.0
B,D43,Coney Island-Stillwell Av,40.577422,-73.981233,Viaduct,Bk,0.429,0.0,0.286,0.429
C,A09,168 St,40.840719,-73.939561,Subway,M,1.0,0.0,0.0,0.0
C,A10,163 St-Amsterdam Av,40.836013,-73.939892,Subway,M,1.0,0.0,0.0,0.0
C,A11,155 St,40.830518,-73.941514,Subway,M,0.0,0.0,0.0,0.0
C,A12,145 St,40.824783,-73.944216,Subway,M,0.0,0.0,0.0,0.0
C,A14,135 St,40.817894,-73.947649,Subway,M,0.0,0.0,0.0,0.0
C,A15,125 St,40.811109,-73.952343,Subway,M,0.0,0.0,0.0,0.0
C,A16,116 St,40.805085,-73.954882,Subway,M,0.25,0.0,0.0,0.0
C,A17,Cathedral Pkwy (110 St),40.800603,-73.958161,Subway,M,0.25,0.0,0.0,0.0
C,A18,103 St,40.796092,-73.961454,Subway,M,0.0,0.0,0.0,0.0
C,A19,96 St,40.791642,-73.964696,Subway,M,0.0,0.0,0.0,0.0
C,A20,86 St,40.785868,-73.968916,Subway,M,0.25,0.0,0.0,0.0
C,A21,81 St-Museum of Natural History,40.781433,-73.972143,Subway,M,0.0,0.0,0.0,0.0
C,A22,72 St,40.775594,-73.97641,Subway,M,0.0,0.0,0.2,0.0
C,A24,59 St-Columbus Circle,40.768296,-73.981736,Subway,M,0.0,0.0,0.4,0.0
C,A25,50 St,40.762456,-73.985984,Subway,M,0.25,0.5,0.25,0.0
C,A27,42 St-Port Authority Bus Terminal,40.757308,-73.989735,Subway,M,0.0,0.25,0.0,0.0
C,A28,34 St-Penn Station,40.752287,-73.993391,Subway,M,0.25,0.0,0.25,0.25
C,A30,23 St,40.745906,-73.998041,Subway,M,0.0,0.0,0.5,0.25
C,A31,14 St,40.740893,-74.00169,Subway,M,0.0,0.4,0.4,0.2
C,A32,W 4 St-Wash Sq,40.732338,-74.000495,Subway,M,0.0,0.4,0.0,0.4
C,A33,Spring St,40.726227,-74.003739,Subway,M,0.25,0.25,0.25,1.0
C,A34,Canal St,40.720824,-74.005229,Subway,M,0.0,0.0,0.25,0.25
C,A36,Chambers St,40.714111,-74.008585,Subway,M,0.0,0.0,0.0,0.0
C,A38,Fulton St,40.710197,-74.007691,Subway,M,0.0,0.0,0.0,0.143
C,A40,High St,40.699337,-73.990531,Subway,Bk,0.0,0.0,0.0,0.375
C,A41,Jay St-MetroTech,40.692338,-73.987342,Subway,Bk,0.0,0.0,0.0,0.0
C,A42,Hoyt-Schermerhorn Sts,40.688484,-73.985001,Subway,Bk,0.0,0.0,0.0,0.0
C,A43,Lafayette Av,40.686113,-73.973946,Subway,Bk,0.0,0.0,0.0,0.0
C,A44,Clinton-Washington Avs,40.683263,-73.965838,Subway,Bk,0.0,0.0,0.0,0.6
C,A45,Franklin Av,40.68138,-73.956848,Subway,Bk,0.0,0.0,0.0,0.25
C,A46,Nostrand Av,40.680438,-73.950426,Subway,Bk,0.0,0.0,0.0,0.0
C,A47,Kingston-Throop Avs,40.679921,-73.940858,Subway,Bk,0.0,0.0,0.0,0.0
C,A48,Utica Av,40.679364,-73.930729,Subway,Bk,0.0,0.0,0.0,0.0
C,A49,Ralph Av,40.678822,-73.920786,Subway,Bk,0.0,0.0,0.0,0.0
C,A50,Rockaway Av,40.67834,-73.911946,Subway,Bk,0.0,0.0,0.0,0.5
C,A51,Broadway Junction,40.678334,-73.905316,Subway,Bk,0.0,0.0,0.0,0.0
C,A52,Liberty Av,40.674542,-73.896548,Subway,Bk,0.0,0.0,0.0,0.0
C,A53,Van Siclen Av,40.67271,-73.890358,Subway,Bk,0.0,0.25,0.0,0.0
C,A54,Shepherd Av,40.67413,-73.88075,Subway,Bk,0.0,0.2,0.0,0.0
C,A55,Euclid Av,40.675377,-73.872106,Subway,Bk,0.0,0.2,0.0,0.1
D,A24,59 St-Columbus Circle,40.768296,-73.981736,Subway,M,0.087,0.087,0.174,0.261
D,B12,9 Av,40.646292,-73.994324,Open Cut,Bk,0.167,0.083,0.417,0.583
D,B13,Fort Hamilton Pkwy,40.640914,-73.994304,Elevated,Bk,1.0,0.0,0.667,0.667
D,B14,50 St,40.63626,-73.994791,Elevated,Bk,0.333,0.0,1.0,0.667
D,B15,55 St,40.631435,-73.995476,Elevated,Bk,0.75,0.25,0.25,0.75
D,B16,62 St,40.626472,-73.996895,Elevated,Bk,0.5,0.25,0.75,0.75
D,B17,71 St,40.619589,-73.998864,Elevated,Bk,0.25,0.25,0.5,0.25
D,B18,79 St,40.613501,-74.00061,Elevated,Bk,0.333,0.333,0.333,1.0
D,D01,Norwood-205 St,40.874811,-73.878855,Subway,Bx,0.0,0.0,0.0,0.0
D,D03,Bedford Park Blvd,40.873244,-73.887138,Subway,Bx,0.0,0.0,0.0,0.0
D,D04,Kingsbridge Rd,40.866978,-73.893509,Subway,Bx,0.0,0.0,0.0,0.0
D,D05,Fordham Rd,40.861296,-73.897749,Subway,Bx,0.0,0.0,0.0,0.5
D,D06,182-183 Sts,40.856093,-73.900741,Subway,Bx,0.0,0.0,0.0,0.0
D,D07,Tremont Av,40.85041,-73.905227,Subway,Bx,0.0,0.25,0.0,0.0
D,D08,174-175 Sts,40.8459,-73.910136,Subway,Bx,0.0,0.0,0.0,0.0
D,D09,170 St,40.839306,-73.9134,Subway,Bx,0.0,0.0,0.0,0.0
D,D10,167 St,40.833771,-73.91844,Subway,Bx,0.0,0.0,0.0,0.0
D,D11,161 St-Yankee Stadium,40.827905,-73.925651,Subway,Bx,0.0,0.0,0.0,0.0
D,D12,155 St,40.830135,-73.938209,Subway,M,0.0,0.0,0.0,0.0
D,D13,145 St,40.824783,-73.944216,Subway,M,0.0,0.087,0.0,0.0
D,D14,7 Av,40.762862,-73.981637,Subway,M,0.0,0.0,1.0,0.667
D,D15,47-50 Sts-Rockefeller Ctr,40.758663,-73.981329,Subway,M,0.0,0.0,0.333,0.667
D,D16,42 St-Bryant Pk,40.754222,-73.984569,Subway,M,0.0,0.0,0.333,0.333
D,D17,34 St-Herald Sq,40.749719,-73.987823,Subway,M,0.0,0.25,0.0,0.75
D,D18,23 St,40.742878,-73.992821,Subway,M,0.0,0.4,0.4,0.4
D,D19,14 St,40.738228,-73.996209,Subway,M,0.25,0.0,0.25,0.5
D,D20,W 4 St-Wash Sq,40.732338,-74.000495,Subway,M,0.0,0.2,0.2,0.6
D,D21,Broadway-Lafayette St,40.725297,-73.996204,Subway,M,0.2,0.0,0.6,0.4
D,D22,Grand St,40.718267,-73.993753,Subway,M,0.143,0.0,0.071,0.143
D,D24,Atlantic Av-Barclays Ctr,40.68446,-73.97689,Subway,Bk,0.0,0.0,0.333,0.467
D,D25,7 Av,40.67705,-73.972367,Subway,Bk,0.0,0.125,0.5,0.375
D,D26,Prospect Park,40.661614,-73.962246,Open Cut,Bk,0.0,0.0,0.0,0.0
D,D27,Parkside Av,40.655292,-73.961495,Open Cut,Bk,0.0,0.0,0.0,0.0
D,D28,Church Av,40.650527,-73.962982,Open Cut,Bk,0.0,0.0,0.0,0.0
D,D29,Beverley Rd,40.644031,-73.964492,Open Cut,Bk,0.154,0.0,0.0,0.385
D,N04,New Utrecht Av,40.624842,-73.996353,Open Cut,Bk,0.25,0.167,0.5,0.333
D,N05,18 Av,40.620671,-73.990414,Open Cut,Bk,0.5,0.25,0.25,0.0
D,N06,20 Av,40.61741,-73.985026,Open Cut,Bk,0.091,0.091,0.455,0.364
E,A25,50 St,40.762456,-73.985984,Subway,M,0.0,0.0,0.0,0.0
E,D14,7 Av,40.762862,-73.981637,Subway,M,0.0,0.0,0.0,0.0
E,D15,47-50 Sts-Rockefeller Ctr,40.758663,-73.981329,Subway,M,0.077,0.154,0.0,0.077
E,F09,Court Sq-23 St,40.747846,-73.946,Subway,Q,0.0,0.048,0.143,0.238
E,F11,Lexington Av/53 St,40.757552,-73.969055,Subway,M,0.0,0.125,0.375,0.75
E,F12,5 Av/53 St,40.760167,-73.975224,Subway,M,0.0,0.0,0.0,0.25
E,F14,2 Av,40.723402,-73.989938,Subway,M,0.214,0.357,0.143,0.5
E,F15,Delancey St-Essex St,40.718611,-73.988114,Subway,M,0.0,0.333,0.0,0.667
E,F16,East Broadway,40.713715,-73.990173,Subway,M,0.0,0.111,0.111,0.222
E,G05,Jamaica Center-Parsons/Archer,40.702147,-73.801109,Subway,Q,1.0,0.0,0.0,0.0
E,G06,Sutphin Blvd-Archer Av-JFK Airport,40.700486,-73.807969,Subway,Q,0.75,0.0,0.0,0.0
E,G07,Jamaica-Van Wyck,40.702566,-73.816859,Subway,Q,0.083,0.167,0.25,0.333
E,G08,Forest Hills-71 Av,40.721691,-73.844521,Subway,Q,0.167,0.083,0.333,0.417
E,G09,67 Av,40.726523,-73.852719,Subway,Q,0.4,0.4,0.6,0.8
E,G10,63 Dr-Rego Park,40.729846,-73.861604,Subway,Q,0.2,0.4,0.4,0.6
E,G11,Woodhaven Blvd,40.733106,-73.869229,Subway,Q,0.0,0.2,0.2,0.4
E,G12,Grand Av-Newtown,40.737015,-73.877223,Subway,Q,0.25,0.0,0.0,0.25
E,G13,Elmhurst Av,40.742454,-73.882017,Subway,Q,0.2,0.0,0.0,0.4
E,G14,Jackson Hts-Roosevelt Av,40.746644,-73.891338,Subway,Q,0.125,0.125,0.188,0.625
F,A32,W 4 St-Wash Sq,40.732338,-74.000495,Subway,M,0.154,0.154,0.231,0.308
F,D14,7 Av,40.762862,-73.981637,Subway,M,0.0,0.0,0.0,0.0
F,D15,47-50 Sts-Rockefeller Ctr,40.758663,-73.981329,Subway,M,0.0,0.077,0.154,0.077
F,D17,34 St-Herald Sq,40.749719,-73.987823,Subway,M,0.0,0.0,0.0,0.0
F,D18,23 St,40.742878,-73.992821,Subway,M,0.0,0.0,0.0,0.0
F,D19,14 St,40.738228,-73.996209,Subway,M,0.0,0.0,0.0,0.0
F,D20,W 4 St-Wash Sq,40.732338,-74.000495,Subway,M,0.0,0.5,0.0,0.0
F,D21,Broadway-Lafayette St,40.725297,-73.996204,Subway,M,0.0,0.5,0.167,0.167
F,F01,Jamaica-179 St,40.712646,-73.783817,Subway,Q,0.0,0.0,0.0,0.0
F,F02,169 St,40.71047,-73.793604,Subway,Q,0.0,0.0,0.0,0.0
F,F03,Parsons Blvd,40.707564,-73.803326,Subway,Q,0.0,0.2,0.2,0.0
F,F04,Sutphin Blvd,40.70546,-73.810708,Subway,Q,0.0,0.0,0.4,0.4
F,F05,Briarwood,40.709179,-73.820574,Subway,Q,0.167,0.0,0.167,0.5
F,F06,Kew Gardens-Union Tpke,40.714441,-73.831008,Subway,Q,0.0,0.2,0.2,0.2
F,F07,75 Av,40.718331,-73.837324,Subway,Q,0.056,0.222,0.333,0.444
F,F09,Court Sq-23 St,40.747846,-73.946,Subway,Q,0.0,0.095,0.048,0.238
F,F11,Lexington Av/53 St,40.757552,-73.969055,Subway,M,0.0,0.0,0.25,0.25
F,F12,5 Av/53 St,40.760167,-73.975224,Subway,M,0.0,0.0,0.0,0.0
F,F14,2 Av,40.723402,-73.989938,Subway,M,0.071,0.071,0.286,0.5
F,F15,Delancey St-Essex St,40.718611,-73.988114,Subway,M,0.0,0.0,0.333,0.333
F,F16,East Broadway,40.713715,-73.990173,Subway,M,0.143,0.0,0.071,0.0
F,F18,York St,40.701397,-73.986751,Subway,Bk,0.0,0.062,0.0,0.0
F,F20,Bergen St,40.686145,-73.990862,Subway,Bk,0.286,0.429,0.143,0.143
F,F21,Carroll St,40.680303,-73.995048,Subway,Bk,0.0,0.0,0.6,0.4
F,F22,Smith-9 Sts,40.67358,-73.995959,Viaduct,Bk,0.5,0.25,0.5,0.75
F,F23,4 Av-9 St,40.670272,-73.989779,Viaduct,Bk,0.0,0.0,0.75,1.0
F,F24,7 Av,40.666271,-73.980305,Subway,Bk,0.2,0.0,0.2,0.2
F,F25,15 St-Prospect Park,40.660365,-73.979493,Subway,Bk,0.0,0.2,0.4,0.6
F,F26,Fort Hamilton Pkwy,40.650782,-73.975776,Subway,Bk,0.5,0.167,0.0,0.5
F,F27,Church Av,40.644041,-73.979678,Subway,Bk,0.2,0.0,0.0,0.2
F,F29,Ditmas Av,40.636119,-73.978172,Elevated,Bk,0.0,0.0,0.6,0.4
F,F30,18 Av,40.629755,-73.976971,Elevated,Bk,0.0,0.25,0.5,0.5
F,G14,Jackson Hts-Roosevelt Av,40.746644,-73.891338,Subway,Q,0.167,0.133,0.0,0.067
G,A42,Hoyt-Schermerhorn Sts,40.688484,-73.985001,Subway,Bk,0.0,0.0,0.0,0.0
G,F20,Bergen St,40.686145,-73.990862,Subway,Bk,0.0,0.0,0.0,0.0
G,F21,Carroll St,40.680303,-73.995048,Subway,Bk,0.25,0.0,0.0,0.0
G,F22,Smith-9 Sts,40.67358,-73.995959,Viaduct,Bk,0.0,0.0,0.0,0.0
G,F23,4 Av-9 St,40.670272,-73.989779,Viaduct,Bk,0.0,0.0,0.0,0.0
G,F24,7 Av,40.666271,-73.980305,Subway,Bk,0.0,0.2,0.2,0.0
G,F25,15 St-Prospect Park,40.660365,-73.979493,Subway,Bk,0.0,0.2,0.4,0.6
G,F26,Fort Hamilton Pkwy,40.650782,-73.975776,Subway,Bk,0.0,0.0,0.167,0.167
G,F27,Church Av,40.644041,-73.979678,Subway,Bk,0.0,0.267,0.0,0.0
G,G22,Court Sq,40.746554,-73.943832,Subway,Q,0.0,0.0,0.0,0.0
G,G24,21 St,40.744065,-73.949724,Subway,Q,0.0,0.0,0.0,0.0
G,G26,Greenpoint Av,40.731352,-73.954449,Subway,Bk,0.0,0.0,0.0,0.0
G,G28,Nassau Av,40.724635,-73.951277,Subway,Bk,0.0,0.0,0.0,0.0
G,G29,Metropolitan Av,40.712792,-73.951418,Subway,Bk,0.0,0.0,0.0,0.0
G,G30,Broadway,40.706092,-73.950308,Subway,Bk,0.0,0.0,0.0,0.0
G,G31,Flushing Av,40.700377,-73.950234,Subway,Bk,0.0,0.0,0.0,0.0
G,G32,Myrtle-Willoughby Avs,40.694568,-73.949046,Subway,Bk,0.0,0.0,0.0,0.0
G,G33,Bedford-Nostrand Avs,40.689627,-73.953522,Subway,Bk,0.0,0.0,0.0,0.0
G,G34,Classon Av,40.688873,-73.96007,Subway,Bk,0.0,0.0,0.0,0.0
G,G35,Clinton-Washington Avs,40.688089,-73.966839,Subway,Bk,0.0,0.0,0.0,0.0
G,G36,Fulton St,40.687119,-73.975375,Subway,Bk,0.0,0.0,0.0,0.0
J,J12,121 St,40.700492,-73.828294,Elevated,Q,0.0,0.0,0.0,0.0
J,J13,111 St,40.697418,-73.836345,Elevated,Q,0.0,0.25,0.0,0.0
J,J14,104 St,40.695178,-73.84433,Elevated,Q,0.25,0.0,0.25,0.0
J,J15,Woodhaven Blvd,40.693879,-73.851576,Elevated,Q,0.25,0.25,0.0,0.0
J,J16,85 St-Forest Pkwy,40.692435,-73.86001,Elevated,Q,0.0,0.0,0.25,0.25
J,J17,75 St-Elderts Ln,40.691324,-73.867139,Elevated,Q,0.333,0.0,0.333,0.0
J,J19,Cypress Hills,40.689941,-73.87255,Elevated,Bk,0.0,0.0,0.25,0.0
J,J20,Crescent St,40.683194,-73.873785,Elevated,Bk,0.0,0.0,0.25,0.5
J,J21,Norwood Av,40.68141,-73.880039,Elevated,Bk,0.0,0.0,1.0,1.0
J,J22,Cleveland St,40.679947,-73.884639,Elevated,Bk,0.333,0.0,0.333,0.0
J,J23,Van Siclen Av,40.678024,-73.891688,Elevated,Bk,0.0,0.5,0.5,0.75
J,J24,Alabama Av,40.676992,-73.898654,Elevated,Bk,0.0,0.0,0.0,0.0
J,J27,Broadway Junction,40.679498,-73.904512,Elevated,Bk,0.25,0.25,0.25,0.0
J,J28,Chauncey St,40.682893,-73.910456,Elevated,Bk,0.25,0.0,0.25,0.75
J,J29,Halsey St,40.68637,-73.916559,Elevated,Bk,0.667,0.0,0.667,1.0
J,J30,Gates Av,40.68963,-73.92227,Elevated,Bk,0.0,0.0,0.25,0.75
J,J31,Kosciuszko St,40.693342,-73.928814,Elevated,Bk,0.25,0.0,1.0,1.0
J,M11,Myrtle Av,40.697207,-73.935657,Elevated,Bk,0.5,0.0,0.25,1.0
J,M12,Flushing Av,40.70026,-73.941126,Elevated,Bk,0.0,0.75,0.75,0.5
J,M13,Lorimer St,40.703869,-73.947408,Elevated,Bk,0.25,0.5,0.5,0.75
J,M14,Hewes St,40.70687,-73.953431,Elevated,Bk,0.0,0.333,0.333,0.667
J,M16,Marcy Av,40.708359,-73.957757,Elevated,Bk,0.111,0.0,0.667,0.444
J,M18,Delancey St-Essex St,40.718315,-73.987437,Subway,M,0.1,0.1,0.5,0.5
J,M19,Bowery,40.72028,-73.993915,Subway,M,0.0,0.0,0.667,0.667
J,M20,Canal St,40.718092,-73.999892,Subway,M,0.25,0.25,0.5,0.75
J,M21,Chambers St,40.713243,-74.003401,Subway,M,0.333,0.333,0.667,0.333
J,M22,Fulton St,40.710374,-74.007582,Subway,M,0.667,0.667,0.667,1.0
J,M23,Broad St,40.706476,-74.011056,Subway,M,0.077,0.038,0.231,0.385
L,L01,8 Av,40.739777,-74.002578,Subway,M,0.0,0.5,1.0,1.0
L,L02,6 Av,40.737335,-73.996786,Subway,M,0.0,0.0,0.25,0.25
L,L03,14 St-Union Sq,40.734789,-73.99073,Subway,M,0.0,0.0,0.0,0.0
L,L05,3 Av,40.732849,-73.986122,Subway,M,0.0,0.0,0.0,0.0
L,L06,1 Av,40.730953,-73.981628,Subway,M,0.0,0.0,0.0,0.0
L,L08,Bedford Av,40.717304,-73.956872,Subway,Bk,0.0,0.0,0.0,0.0
L,L10,Lorimer St,40.714063,-73.950275,Subway,Bk,0.0,0.0,0.0,0.0
L,L11,Graham Av,40.714565,-73.944053,Subway,Bk,0.0,0.0,0.0,0.0
L,L12,Grand St,40.711926,-73.94067,Subway,Bk,0.0,0.0,0.0,0.0
L,L13,Montrose Av,40.707739,-73.93985,Subway,Bk,0.0,0.0,0.0,0.0
L,L14,Morgan Av,40.706152,-73.933147,Subway,Bk,0.0,0.0,0.0,0.0
L,L15,Jefferson St,40.706607,-73.922913,Subway,Bk,0.0,0.0,0.0,0.0
L,L16,DeKalb Av,40.703811,-73.918425,Subway,Bk,0.0,0.0,0.0,0.0
L,L17,Myrtle-Wyckoff Avs,40.699814,-73.911586,Subway,Bk,0.0,0.0,0.0,0.0
L,L19,Halsey St,40.695602,-73.904084,Subway,Q,0.0,0.0,0.0,0.0
L,L20,Wilson Av,40.688764,-73.904046,Subway,Bk,0.0,0.0,0.0,0.0
L,L21,Bushwick Av-Aberdeen St,40.682829,-73.905249,Subway,Bk,0.0,0.0,0.75,0.75
L,L22,Broadway Junction,40.678856,-73.90324,Elevated,Bk,0.0,0.0,0.0,0.0
L,L24,Atlantic Av,40.675345,-73.903097,Elevated,Bk,0.0,0.333,0.667,0.333
L,L25,Sutter Av,40.669367,-73.901975,Elevated,Bk,0.0,0.0,0.5,0.25
L,L26,Livonia Av,40.664038,-73.900571,Elevated,Bk,0.0,0.0,0.0,0.0
L,L27,New Lots Av,40.658733,-73.899232,Elevated,Bk,0.0,0.5,0.5,0.25
L,L28,East 105 St,40.650573,-73.899485,At Grade,Bk,0.0,0.0,0.25,0.75
L,L29,Canarsie-Rockaway Pkwy,40.646654,-73.90185,At Grade,Bk,0.167,0.333,0.833,0.5
M,A32,W 4 St-Wash Sq,40.732338,-74.000495,Subway,M,0.0,0.154,0.0,0.0
M,D18,23 St,40.742878,-73.992821,Subway,M,0.071,0.071,0.214,0.071
M,D19,14 St,40.738228,-73.996209,Subway,M,0.0,0.0,0.25,0.25
M,D20,W 4 St-Wash Sq,40.732338,-74.000495,Subway,M,0.0,0.0,0.4,0.2
M,D21,Broadway-Lafayette St,40.725297,-73.996204,Subway,M,0.0,0.0,0.2,0.0
M,F18,York St,40.701397,-73.986751,Subway,Bk,0.062,0.0,0.062,0.062
M,F20,Bergen St,40.686145,-73.990862,Subway,Bk,0.0,0.0,0.0,0.25
M,F21,Carroll St,40.680303,-73.995048,Subway,Bk,0.0,0.25,0.0,0.0
M,F22,Smith-9 Sts,40.67358,-73.995959,Viaduct,Bk,0.25,0.0,0.0,0.0
M,F23,4 Av-9 St,40.670272,-73.989779,Viaduct,Bk,0.0,0.2,0.2,0.4
M,F24,7 Av,40.666271,-73.980305,Subway,Bk,0.0,0.0,0.0,0.0
M,F25,15 St-Prospect Park,40.660365,-73.979493,Subway,Bk,0.0,0.0,0.0,0.2
M,F26,Fort Hamilton Pkwy,40.650782,-73.975776,Subway,Bk,0.0,0.0,0.0,0.333
M,F27,Church Av,40.644041,-73.979678,Subway,Bk,0.0,0.25,0.0,0.0
M,M01,Middle Village-Metropolitan Av,40.711396,-73.889601,Elevated,Q,0.0,0.0,0.0,0.0
M,M04,Fresh Pond Rd,40.706186,-73.895877,Elevated,Q,0.0,0.0,0.0,0.0
M,M05,Forest Av,40.704423,-73.903077,Elevated,Q,0.0,0.0,0.0,0.0
M,M06,Seneca Av,40.702762,-73.90774,Elevated,Q,0.0,0.0,0.0,0.333
M,M08,Myrtle-Wyckoff Avs,40.69943,-73.912385,Elevated,Bk,0.0,0.0,0.25,0.0
M,M09,Knickerbocker Av,40.698664,-73.919711,Elevated,Bk,0.0,0.0,0.333,0.333
M,M10,Central Av,40.697857,-73.927397,Elevated,Bk,0.0,0.0,0.25,0.0
M,M11,Myrtle Av,40.697207,-73.935657,Elevated,Bk,0.25,0.0,0.25,0.25
M,M12,Flushing Av,40.70026,-73.941126,Elevated,Bk,0.0,0.25,0.0,0.5
M,M13,Lorimer St,40.703869,-73.947408,Elevated,Bk,0.0,0.0,0.5,0.25
M,M14,Hewes St,40.70687,-73.953431,Elevated,Bk,0.0,0.0,0.333,0.667
M,M16,Marcy Av,40.708359,-73.957757,Elevated,Bk,0.0,0.111,0.444,0.556
M,M18,Delancey St-Essex St,40.718315,-73.987437,Subway,M,0.2,0.1,0.3,0.3
M,M19,Bowery,40.72028,-73.993915,Subway,M,0.0,0.0,0.333,0.0
M,M20,Canal St,40.718092,-73.999892,Subway,M,0.25,0.25,0.0,0.25
M,M21,Chambers St,40.713243,-74.003401,Subway,M,0.0,0.0,0.667,0.333
M,M22,Fulton St,40.710374,-74.007582,Subway,M,0.0,0.0,0.333,0.0
M,M23,Broad St,40.706476,-74.011056,Subway,M,0.0,0.0,0.0,0.0
N,B12,9 Av,40.646292,-73.994324,Open Cut,Bk,0.0,0.25,0.25,0.75
N,N02,8 Av,40.635064,-74.011719,Open Cut,Bk,0.0,0.0,0.0,0.0
N,N03,Fort Hamilton Pkwy,40.631386,-74.005351,Open Cut,Bk,0.0,0.2,0.0,0.0
N,N04,New Utrecht Av,40.624842,-73.996353,Open Cut,Bk,0.0,0.2,0.2,0.6
N,N05,18 Av,40.620671,-73.990414,Open Cut,Bk,0.25,0.0,0.25,0.5
N,N06,20 Av,40.61741,-73.985026,Open Cut,Bk,0.5,0.25,0.0,0.0
N,N07,Bay Pkwy,40.611815,-73.981848,Open Cut,Bk,0.0,0.0,0.5,0.25
N,N08,Kings Hwy,40.603923,-73.980353,Open Cut,Bk,0.2,0.2,0.6,0.8
N,N09,Avenue U,40.597473,-73.979137,Open Cut,Bk,0.75,0.0,0.5,1.0
N,N10,86 St,40.592721,-73.97823,Open Cut,Bk,0.2,0.05,0.4,0.45
N,R01,Astoria-Ditmars Blvd,40.775036,-73.912034,Elevated,Q,0.0,0.667,0.0,0.0
N,R03,Astoria Blvd,40.770258,-73.917843,Elevated,Q,0.0,0.333,0.0,0.0
N,R04,30 Av,40.766779,-73.921479,Elevated,Q,0.0,0.0,0.0,0.0
N,R05,Broadway,40.76182,-73.925508,Elevated,Q,0.0,0.0,0.5,0.5
N,R06,36 Av,40.756804,-73.929575,Elevated,Q,0.333,0.333,0.0,0.333
N,R08,39 Av-Dutch Kills,40.752882,-73.932755,Elevated,Q,0.25,0.0,0.0,0.25
N,R09,Queensboro Plaza,40.750582,-73.940202,Elevated,Q,0.556,0.111,0.444,0.333
N,R11,Lexington Av/59 St,40.76266,-73.967258,Subway,M,0.0,0.2,0.3,0.5
N,R13,5 Av/59 St,40.764811,-73.973347,Subway,M,0.0,0.0,0.0,0.0
N,R14,57 St-7 Av,40.764664,-73.980658,Subway,M,0.0,0.0,0.0,0.0
N,R15,49 St,40.759901,-73.984139,Subway,M,0.0,0.0,0.0,0.0
N,R16,Times Sq-42 St,40.754672,-73.986754,Subway,M,0.0,0.0,0.333,0.667
N,R17,34 St-Herald Sq,40.749567,-73.98795,Subway,M,0.0,0.333,0.0,0.333
N,R18,28 St,40.745494,-73.988691,Subway,M,0.0,0.0,0.333,1.0
N,R19,23 St,40.741303,-73.989344,Subway,M,0.0,0.333,0.333,0.333
N,R20,14 St-Union Sq,40.735736,-73.990568,Subway,M,0.0,0.25,0.0,0.75
N,R21,8 St-NYU,40.730328,-73.992629,Subway,M,0.0,0.5,0.25,0.75
N,R22,Prince St,40.724329,-73.997702,Subway,M,0.2,0.4,0.2,0.6
N,R23,Canal St,40.719527,-74.001775,Subway,M,0.0,0.0,0.0,0.25
N,R24,City Hall,40.713282,-74.006978,Subway,M,0.0,0.5,0.25,0.25
N,R25,Cortlandt St,40.710668,-74.011029,Subway,M,0.0,0.0,0.0,0.5
N,R27,Whitehall St-South Ferry,40.703087,-74.012994,Subway,M,0.375,0.25,0.25,0.25
N,R28,Court St,40.6941,-73.991777,Subway,Bk,0.333,0.111,0.333,0.889
N,R30,DeKalb Av,40.690635,-73.981824,Subway,Bk,0.0,0.2,0.0,0.0
N,R31,Atlantic Av-Barclays Ctr,40.683666,-73.97881,Subway,Bk,0.0,0.2,0.0,0.2
N,R32,Union St,40.677316,-73.98311,Subway,Bk,0.0,0.0,0.0,0.0
N,R33,4 Av-9 St,40.670847,-73.988302,Subway,Bk,0.0,0.0,0.0,0.0
Q,D24,Atlantic Av-Barclays Ctr,40.68446,-73.97689,Subway,Bk,0.2,0.0,0.6,0.6
Q,D25,7 Av,40.67705,-73.972367,Subway,Bk,0.0,0.333,0.0,0.333
Q,D26,Prospect Park,40.661614,-73.962246,Open Cut,Bk,0.0,0.0,0.0,0.0
Q,D27,Parkside Av,40.655292,-73.961495,Open Cut,Bk,0.0,0.0,0.0,0.0
Q,D28,Church Av,40.650527,-73.962982,Open Cut,Bk,0.0,0.0,0.0,0.0
Q,D29,Beverley Rd,40.644031,-73.964492,Open Cut,Bk,0.0,0.0,0.0,0.0
Q,D30,Cortelyou Rd,40.640927,-73.963891,Open Cut,Bk,0.0,0.0,0.0,0.0
Q,D31,Newkirk Plaza,40.635082,-73.962793,Open Cut,Bk,0.5,0.0,0.5,0.5
Q,D32,Avenue H,40.62927,-73.961639,Open Cut,Bk,0.0,0.0,0.0,0.667
Q,D33,Avenue J,40.625039,-73.960803,Open Cut,Bk,0.0,0.25,0.25,0.25
Q,D34,Avenue M,40.617618,-73.959399,Open Cut,Bk,0.0,0.0,0.333,0.167
Q,D35,Kings Hwy,40.60867,-73.957734,Open Cut,Bk,0.077,0.231,0.462,0.308
Q,D40,Brighton Beach,40.577621,-73.961376,Elevated,Bk,0.167,0.083,0.5,0.25
Q,D41,Ocean Pkwy,40.576312,-73.968501,Elevated,Bk,0.0,0.0,0.25,0.75
Q,D42,W 8 St-NY Aquarium,40.576127,-73.975939,Elevated,Bk,0.333,0.0,0.333,0.0
Q,D43,Coney Island-Stillwell Av,40.577422,-73.981233,Viaduct,Bk,0.136,0.136,0.182,0.409
Q,Q03,72 St,40.768799,-73.958424,Subway,M,0.333,0.0,0.222,0.444
Q,Q04,86 St,40.777891,-73.951787,Subway,M,0.0,0.333,0.0,0.0
Q,Q05,96 St,40.784318,-73.947152,Subway,M,0.0,0.667,0.0,0.0
Q,R14,57 St-7 Av,40.764664,-73.980658,Subway,M,0.375,0.125,0.375,0.5
Q,R15,49 St,40.759901,-73.984139,Subway,M,0.333,0.333,0.0,0.667
Q,R16,Times Sq-42 St,40.754672,-73.986754,Subway,M,0.25,0.0,0.5,0.75
Q,R17,34 St-Herald Sq,40.749567,-73.98795,Subway,M,0.0,0.333,0.0,0.0
Q,R18,28 St,40.745494,-73.988691,Subway,M,0.333,0.0,0.333,0.667
Q,R19,23 St,40.741303,-73.989344,Subway,M,0.0,0.0,0.333,0.333
Q,R20,14 St-Union Sq,40.735736,-73.990568,Subway,M,0.0,0.0,0.0,0.0
Q,R21,8 St-NYU,40.730328,-73.992629,Subway,M,0.0,0.0,0.0,0.0
Q,R22,Prince St,40.724329,-73.997702,Subway,M,0.0,0.0,0.25,0.5
Q,R23,Canal St,40.719527,-74.001775,Subway,M,0.0,0.5,0.25,0.5
Q,R24,City Hall,40.713282,-74.006978,Subway,M,0.0,0.25,0.25,0.75
Q,R25,Cortlandt St,40.710668,-74.011029,Subway,M,0.0,0.25,0.0,0.5
Q,R27,Whitehall St-South Ferry,40.703087,-74.012994,Subway,M,0.0,0.333,0.444,0.556
Q,R28,Court St,40.6941,-73.991777,Subway,Bk,0.0,0.222,0.0,0.444
Q,R30,DeKalb Av,40.690635,-73.981824,Subway,Bk,0.4,0.2,0.2,1.0
Q,R31,Atlantic Av-Barclays Ctr,40.683666,-73.97881,Subway,Bk,0.2,0.2,0.0,0.0
Q,R32,Union St,40.677316,-73.98311,Subway,Bk,0.2,0.2,0.6,0.4
R,F09,Court Sq-23 St,40.747846,-73.946,Subway,Q,0.143,0.238,0.429,0.381
R,F11,Lexington Av/53 St,40.757552,-73.969055,Subway,M,0.25,0.25,0.25,0.5
R,F12,5 Av/53 St,40.760167,-73.975224,Subway,M,0.0,0.111,0.222,0.5
R,G14,Jackson Hts-Roosevelt Av,40.746644,-73.891338,Subway,Q,0.0,0.429,0.0,0.071
R,R01,Astoria-Ditmars Blvd,40.775036,-73.912034,Elevated,Q,0.053,0.0,0.316,0.211
R,R03,Astoria Blvd,40.770258,-73.917843,Elevated,Q,0.0,0.0,0.0,0.0
R,R04,30 Av,40.766779,-73.921479,Elevated,Q,0.0,0.0,0.0,0.0
R,R05,Broadway,40.76182,-73.925508,Elevated,Q,0.0,0.0,0.25,0.25
R,R06,36 Av,40.756804,-73.929575,Elevated,Q,0.0,0.333,0.333,0.333
R,R08,39 Av-Dutch Kills,40.752882,-73.932755,Elevated,Q,0.25,0.75,0.0,0.5
R,R09,Queensboro Plaza,40.750582,-73.940202,Elevated,Q,0.1,0.2,0.2,0.6
R,R11,Lexington Av/59 St,40.76266,-73.967258,Subway,M,0.222,0.333,0.111,0.667
R,R13,5 Av/59 St,40.764811,-73.973347,Subway,M,0.0,0.25,0.0,0.25
R,R14,57 St-7 Av,40.764664,-73.980658,Subway,M,0.0,0.25,0.0,1.0
R,R15,49 St,40.759901,-73.984139,Subway,M,0.0,0.667,0.0,0.333
R,R16,Times Sq-42 St,40.754672,-73.986754,Subway,M,0.0,0.25,0.25,0.75
R,R17,34 St-Herald Sq,40.749567,-73.98795,Subway,M,0.0,0.333,0.0,0.333
R,R18,28 St,40.745494,-73.988691,Subway,M,0.0,0.667,0.0,0.333
R,R19,23 St,40.741303,-73.989344,Subway,M,0.0,0.0,0.0,0.333
R,R20,14 St-Union Sq,40.735736,-73.990568,Subway,M,0.0,0.0,0.0,0.0
R,R21,8 St-NYU,40.730328,-73.992629,Subway,M,0.0,0.0,0.0,0.0
R,R22,Prince St,40.724329,-73.997702,Subway,M,0.0,0.0,0.0,0.0
R,R23,Canal St,40.719527,-74.001775,Subway,M,0.0,0.0,0.0,0.0
R,R24,City Hall,40.713282,-74.006978,Subway,M,0.0,0.0,0.0,0.0
R,R25,Cortlandt St,40.710668,-74.011029,Subway,M,0.0,0.0,0.0,0.333
Z,J12,121 St,40.700492,-73.828294,Elevated,Q,0.0,0.333,0.0,0.0
Z,J13,111 St,40.697418,-73.836345,Elevated,Q,0.0,0.0,0.0,0.0
Z,J14,104 St,40.695178,-73.84433,Elevated,Q,0.25,0.0,0.25,0.0
Z,J15,Woodhaven Blvd,40.693879,-73.851576,Elevated,Q,0.25,0.25,0.0,0.0
Z,J16,85 St-Forest Pkwy,40.692435,-73.86001,Elevated,Q,0.0,0.0,0.25,0.25
Z,J17,75 St-Elderts Ln,40.691324,-73.867139,Elevated,Q,0.333,0.0,0.667,0.0
Z,J19,Cypress Hills,40.689941,-73.87255,Elevated,Bk,0.25,0.0,0.5,0.0
Z,J20,Crescent St,40.683194,-73.873785,Elevated,Bk,0.25,0.0,0.0,0.5
Z,J21,Norwood Av,40.68141,-73.880039,Elevated,Bk,0.333,0.0,0.333,0.667
Z,J22,Cleveland St,40.679947,-73.884639,Elevated,Bk,0.333,0.0,0.0,0.0
Z,J23,Van Siclen Av,40.678024,-73.891688,Elevated,Bk,0.5,0.0,0.0,0.5
Z,J24,Alabama Av,40.676992,-73.898654,Elevated,Bk,0.333,0.333,0.333,0.333
Z,J27,Broadway Junction,40.679498,-73.904512,Elevated,Bk,0.25,0.0,0.25,0.5
Z,J28,Chauncey St,40.682893,-73.910456,Elevated,Bk,0.25,0.25,0.5,1.0
Z,J29,Halsey St,40.68637,-73.916559,Elevated,Bk,0.0,0.0,0.333,0.667
Z,J30,Gates Av,40.68963,-73.92227,Elevated,Bk,0.5,0.0,0.75,0.75
Z,J31,Kosciuszko St,40.693342,-73.928814,Elevated,Bk,0.0,0.25,1.0,0.75
Z,M11,Myrtle Av,40.697207,-73.935657,Elevated,Bk,0.0,0.0,0.25,0.75
Z,M12,Flushing Av,40.70026,-73.941126,Elevated,Bk,0.25,0.25,0.75,1.0
Z,M13,Lorimer St,40.703869,-73.947408,Elevated,Bk,0.25,0.0,0.25,0.25
Z,M14,Hewes St,40.70687,-73.953431,Elevated,Bk,0.0,0.333,0.667,0.667
Z,M16,Marcy Av,40.708359,-73.957757,Elevated,Bk,0.333,0.222,0.222,0.556
Z,M18,Delancey St-Essex St,40.718315,-73.987437,Subway,M,0.1,0.0,0.5,0.7
Z,M19,Bowery,40.72028,-73.993915,Subway,M,0.0,0.0,1.0,0.333
Z,M20,Canal St,40.718092,-73.999892,Subway,M,0.0,0.0,0.0,0.25
Z,M21,Chambers St,40.713243,-74.003401,Subway,M,0.0,0.0,0.667,0.333
Z,M22,Fulton St,40.710374,-74.007582,Subway,M,0.667,0.0,0.667,1.0
Z,M23,Broad St,40.706476,-74.011056,Subway,M,0.08,0.12,0.12,0.4
